Tree species,Roost/non roost,Height (m),DBH (m),Crown Diameter(m),Tree Density (trees/ha),Plot Basal Area (m2/ha),Distance to Building (m)
Unidentified sp1,Non-roost,5.0,0.2,2.6,90.0,11.6,16.8
Unidentified sp1,Non-roost,4.8,0.3,3.8,10.0,0.6,42.2
Unidentified sp2,Roost,17.0,0.7,7.4,80.0,28.8,9.2
Unidentified sp7,Non-roost,12.0,0.4,4.6,80.0,7.8,14.0
Unidentified sp8,Non-roost,6.6,0.5,7.9,90.0,11.6,14.4
Albizia lebbeck,Non-roost,12.0,0.5,14.2,30.0,7.3,7.0
Alstonia boonei,Non-roost,4.2,0.4,4.5,40.0,3.5,18.0
Anacardium occidentale,Non-roost,5.2,0.3,6.0,40.0,7.7,12.4
Anacardium occidentale,Non-roost,8.4,0.6,15.5,30.0,9.0,67.0
Anacardium occidentale,Non-roost,7.8,0.8,12.9,10.0,4.4,21.4
Anacardium occidentale,Non-roost,6.8,0.8,8.7,20.0,7.3,65.8
Annona muricata,Non-roost,5.8,0.1,3.0,20.0,1.2,13.3
Annona muricata,Non-roost,5.2,0.1,1.3,90.0,12.6,2.6
Annona muricata,Non-roost,6.0,0.1,6.6,30.0,2.4,13.7
Annona muricata,Non-roost,4.4,0.2,6.3,40.0,4.6,10.8
Annona muricata,Non-roost,4.8,0.2,2.8,20.0,2.2,6.2
Annona muricata,Non-roost,4.6,0.2,5.2,40.0,1.4,6.6
Annona muricata,Non-roost,8.2,0.2,3.7,160.0,13.7,12.4
Annona muricata,Non-roost,5.8,0.2,2.8,100.0,13.7,2.7
Annona muricata,Non-roost,6.0,0.2,8.0,60.0,8.2,21.8
Annona muricata,Non-roost,4.6,0.2,3.2,40.0,1.4,3.3
Annona muricata,Non-roost,6.0,0.2,3.2,40.0,3.8,16.7
Annona muricata,Non-roost,8.0,0.2,3.8,110.0,31.3,6.9
Annona muricata,Non-roost,4.6,0.2,2.2,20.0,0.8,11.2
Annona muricata,Non-roost,7.0,0.2,5.8,20.0,1.9,8.1
Annona muricata,Non-roost,7.8,0.2,3.4,110.0,6.7,12.3
Annona muricata,Non-roost,6.4,0.2,3.4,50.0,3.5,3.3
Annona muricata,Non-roost,6.6,0.2,3.6,90.0,11.2,16.6
Annona muricata,Non-roost,8.0,0.2,8.0,100.0,28.1,3.8
Annona muricata,Non-roost,6.6,0.2,4.4,40.0,4.4,31.1
Annona muricata,Non-roost,7.1,0.2,3.4,50.0,10.4,28.5
Annona muricata,Non-roost,7.4,0.2,2.0,60.0,7.2,8.8
Annona muricata,Non-roost,7.4,0.2,4.0,100.0,7.6,12.3
Annona muricata,Non-roost,7.6,0.2,4.0,60.0,9.6,22.2
Annona muricata,Non-roost,9.4,0.2,6.5,140.0,13.0,13.2
Annona muricata,Non-roost,8.2,0.3,10.1,10.0,0.5,24.6
Annona muricata,Non-roost,7.2,0.3,5.2,20.0,1.1,14.4
Annona muricata,Non-roost,6.6,0.3,6.0,80.0,10.4,9.5
Annona muricata,Non-roost,8.2,0.3,4.4,40.0,13.8,5.8
Annona muricata,Non-roost,5.0,0.5,3.2,40.0,3.5,23.1
Anogeissus leiocarpus,Roost,15.4,0.6,10.6,70.0,7.4,13.9
Anthocleista vogelii,Non-roost,13.8,0.6,10.8,60.0,8.2,21.8
Antiaris toxicaria,Non-roost,12.8,0.3,11.7,70.0,12.8,37.8
Antiaris toxicaria,Non-roost,16.8,0.4,8.6,60.0,22.1,47.5
Antiaris toxicaria,Non-roost,14.6,0.6,12.8,50.0,9.1,13.1
Azadirachta indica,Roost,9.8,0.2,5.8,70.0,16.1,40.4
Azadirachta indica,Roost,11.2,0.2,2.0,80.0,16.2,38.9
Azadirachta indica,Roost,9.8,0.3,6.0,100.0,17.7,26.5
Azadirachta indica,Roost,7.8,0.3,6.0,50.0,1.7,31.6
Azadirachta indica,Roost,5.2,0.3,8.3,90.0,8.5,5.8
Azadirachta indica,Roost,6.0,0.3,4.0,70.0,7.4,2.1
Azadirachta indica,Roost,9.2,0.3,13.6,70.0,15.7,11.4
Azadirachta indica,Roost,10.4,0.4,12.0,60.0,6.5,1.8
Azadirachta indica,Roost,9.4,0.4,11.0,60.0,6.5,1.8
Azadirachta indica,Roost,9.4,0.4,12.8,30.0,7.0,14.2
Azadirachta indica,Roost,9.4,0.4,8.3,20.0,2.6,10.0
Azadirachta indica,Roost,10.8,0.4,8.8,90.0,10.4,14.8
Azadirachta indica,Roost,10.4,0.4,9.6,110.0,12.5,10.7
Azadirachta indica,Roost,10.6,0.5,9.1,60.0,6.5,7.4
Azadirachta indica,Roost,11.0,0.5,11.2,20.0,4.9,8.9
Azadirachta indica,Roost,10.6,0.5,12.2,30.0,4.2,16.5
Azadirachta indica,Roost,12.8,0.5,11.7,30.0,4.6,18.8
Azadirachta indica,Roost,10.6,0.5,9.6,90.0,11.8,17.0
Azadirachta indica,Roost,9.6,0.5,17.0,40.0,11.5,7.6
Azadirachta indica,Roost,10.2,0.6,16.0,80.0,25.2,26.6
Azadirachta indica,Roost,11.8,0.7,11.2,30.0,11.2,6.3
Azadirachta indica,Roost,10.0,0.7,13.0,20.0,4.5,25.0
Azadirachta indica,Non-roost,7.5,0.1,2.4,80.0,15.3,42.8
Azadirachta indica,Non-roost,6.4,0.1,4.8,30.0,5.0,5.6
Azadirachta indica,Non-roost,8.2,0.2,3.6,90.0,14.0,15.8
Azadirachta indica,Non-roost,7.2,0.2,3.7,10.0,0.2,24.5
Azadirachta indica,Non-roost,9.4,0.2,5.7,90.0,17.2,29.4
Azadirachta indica,Non-roost,9.6,0.2,7.0,90.0,17.2,24.5
Azadirachta indica,Non-roost,7.4,0.2,6.0,110.0,20.5,26.8
Azadirachta indica,Non-roost,8.8,0.2,7.4,100.0,9.6,15.3
Azadirachta indica,Non-roost,8.0,0.2,5.9,110.0,17.2,22.6
Azadirachta indica,Non-roost,5.8,0.2,5.4,30.0,5.0,6.2
Azadirachta indica,Non-roost,9.2,0.2,4.0,80.0,14.8,32.3
Azadirachta indica,Non-roost,7.4,0.2,5.2,60.0,2.6,27.3
Azadirachta indica,Non-roost,7.2,0.2,8.6,50.0,9.1,5.5
Azadirachta indica,Non-roost,4.2,0.2,2.4,90.0,9.5,17.3
Azadirachta indica,Non-roost,7.9,0.2,4.0,20.0,1.3,14.9
Azadirachta indica,Non-roost,8.0,0.2,8.4,40.0,4.9,22.8
Azadirachta indica,Non-roost,8.4,0.3,6.7,100.0,20.5,29.3
Azadirachta indica,Non-roost,10.2,0.3,7.0,70.0,3.9,14.1
Azadirachta indica,Non-roost,8.2,0.3,14.6,210.0,16.2,44.2
Azadirachta indica,Non-roost,11.0,0.3,6.3,90.0,8.5,9.6
Azadirachta indica,Non-roost,7.2,0.3,6.2,40.0,4.9,18.8
Azadirachta indica,Non-roost,9.2,0.3,9.6,100.0,17.4,26.8
Azadirachta indica,Non-roost,9.8,0.3,16.6,80.0,9.6,20.6
Azadirachta indica,Non-roost,12.6,0.3,5.4,70.0,3.6,5.2
Azadirachta indica,Non-roost,8.2,0.3,7.0,80.0,14.4,36.4
Azadirachta indica,Non-roost,9.4,0.3,5.4,20.0,2.9,33.3
Azadirachta indica,Non-roost,8.2,0.4,5.6,80.0,15.3,43.6
Azadirachta indica,Non-roost,9.2,0.4,13.0,30.0,6.0,0.6
Azadirachta indica,Non-roost,9.2,0.4,9.6,10.0,1.0,11.3
Azadirachta indica,Non-roost,12.8,0.4,12.6,200.0,16.7,38.6
Azadirachta indica,Non-roost,8.0,0.4,8.0,10.0,1.0,40.4
Azadirachta indica,Non-roost,8.0,0.4,9.8,40.0,3.1,19.8
Azadirachta indica,Non-roost,6.4,0.4,8.6,40.0,2.0,29.6
Azadirachta indica,Non-roost,9.2,0.4,11.3,70.0,8.6,21.8
Azadirachta indica,Non-roost,13.0,0.4,11.4,30.0,3.7,13.5
Azadirachta indica,Non-roost,9.8,0.5,13.9,60.0,3.3,10.6
Azadirachta indica,Non-roost,10.4,0.5,9.4,10.0,1.6,38.6
Azadirachta indica,Non-roost,11.2,0.5,12.0,30.0,10.6,10.5
Azadirachta indica,Non-roost,9.0,0.5,10.0,40.0,4.5,11.9
Azadirachta indica,Non-roost,7.0,0.5,7.3,20.0,2.7,16.2
Azadirachta indica,Non-roost,12.6,0.5,8.2,30.0,12.6,33.2
Azadirachta indica,Non-roost,10.2,0.5,9.1,60.0,7.1,17.5
Azadirachta indica,Non-roost,8.8,0.5,18.6,110.0,11.5,17.5
Azadirachta indica,Non-roost,11.2,0.5,10.6,80.0,9.6,19.9
Azadirachta indica,Non-roost,9.4,0.6,16.0,20.0,5.8,6.8
Azadirachta indica,Non-roost,13.0,0.6,14.6,50.0,10.0,23.0
Azadirachta indica,Non-roost,7.6,0.6,9.9,10.0,3.1,41.1
Azadirachta indica,Non-roost,11.4,0.6,19.8,10.0,3.2,15.4
Azadirachta indica,Non-roost,12.0,0.7,13.8,30.0,10.6,13.4
Azadirachta indica,Non-roost,12.8,0.7,14.0,30.0,12.6,38.4
Azadirachta indica,Non-roost,13.4,0.7,14.8,20.0,6.9,24.1
Bauhinia sp,Non-roost,4.8,0.3,5.5,90.0,15.1,24.5
Bauhinia sp,Non-roost,8.4,0.3,8.8,60.0,10.0,12.8
Bauhinia sp,Non-roost,6.8,0.3,9.4,70.0,7.1,13.8
Blighia sapida,Non-roost,4.4,0.1,4.7,70.0,7.2,30.4
Blighia sapida,Non-roost,6.0,0.2,5.4,50.0,2.0,28.8
Blighia sapida,Non-roost,6.4,0.3,9.8,20.0,1.1,11.2
Bombax buonopozense,Non-roost,18.6,1.3,11.0,190.0,37.2,41.1
Borassus aethiopum,Non-roost,7.8,0.8,4.6,30.0,10.6,10.3
Cananga odorata,Non-roost,8.8,0.2,2.8,90.0,15.4,26.3
Cananga odorata,Non-roost,14.4,0.4,5.2,20.0,5.0,27.6
Cananga odorata,Non-roost,19.2,0.9,9.7,60.0,7.6,37.2
Carica papaya,Non-roost,4.2,0.1,2.5,60.0,4.2,11.2
Carica papaya,Non-roost,4.8,0.2,2.3,60.0,6.4,16.6
Carica papaya,Non-roost,5.2,0.2,1.0,40.0,7.1,13.2
Carica papaya,Non-roost,6.8,0.2,2.8,90.0,11.4,9.0
Carica papaya,Non-roost,6.0,0.3,2.6,60.0,4.6,14.2
Carica papaya,Non-roost,4.5,0.3,3.7,40.0,4.3,26.4
Carica papaya,Non-roost,6.0,0.3,2.5,80.0,10.6,4.1
Carica papaya,Non-roost,6.0,0.3,3.8,40.0,2.4,15.7
Carica papaya,Non-roost,5.2,0.3,2.2,60.0,4.7,9.7
Carica papaya,Non-roost,5.6,0.3,3.5,10.0,0.6,7.0
Cascabela thevetia,Non-roost,6.6,0.3,5.6,70.0,8.7,19.3
Cassia fistula,Non-roost,11.0,0.4,3.4,60.0,6.1,17.8
Ceiba pentandra,Roost,15.6,0.8,16.0,40.0,8.5,3.0
Ceiba pentandra,Non-roost,10.4,0.2,3.7,50.0,3.8,10.7
Ceiba pentandra,Non-roost,13.4,0.4,9.9,50.0,9.1,7.4
Ceiba pentandra,Non-roost,9.0,0.4,10.0,10.0,1.4,25.2
Citrus sp,Non-roost,4.2,0.2,3.2,50.0,2.0,26.9
Citrus sp,Non-roost,6.6,0.2,9.0,30.0,1.5,8.7
Citrus sp,Non-roost,4.8,0.2,3.6,100.0,7.1,15.7
Citrus sp,Non-roost,4.4,0.3,4.5,30.0,1.9,3.8
Citrus sp,Non-roost,4.8,0.3,6.5,20.0,1.2,13.6
Citrus sp,Non-roost,6.0,0.4,6.2,80.0,13.5,11.2
Citrus sp,Non-roost,16.0,0.4,5.6,80.0,7.7,14.6
Citrus sp,Non-roost,12.2,0.5,16.0,80.0,6.1,9.4
Citrus sp,Non-roost,5.8,0.5,7.0,30.0,4.1,15.5
Cocos nucifera,Non-roost,5.6,0.2,5.6,20.0,2.5,18.9
Cocos nucifera,Non-roost,6.9,0.2,7.0,30.0,6.0,8.4
Cocos nucifera,Non-roost,10.6,0.2,3.1,20.0,0.8,4.2
Cocos nucifera,Non-roost,10.4,0.3,3.7,20.0,1.0,14.1
Cocos nucifera,Non-roost,7.4,0.3,7.2,60.0,14.0,21.9
Cocos nucifera,Non-roost,10.2,0.3,7.0,90.0,9.0,4.0
Cocos nucifera,Non-roost,7.4,0.3,5.6,10.0,0.5,9.2
Cocos nucifera,Non-roost,10.4,0.3,7.2,30.0,1.9,12.6
Cocos nucifera,Non-roost,11.0,0.3,8.0,20.0,1.3,9.6
Cocos nucifera,Non-roost,12.4,0.3,8.7,60.0,16.1,9.2
Cocos nucifera,Non-roost,17.4,0.3,3.6,60.0,5.0,10.2
Cocos nucifera,Non-roost,7.6,0.3,8.8,70.0,11.9,12.6
Cocos nucifera,Non-roost,8.6,0.3,9.2,60.0,9.4,11.9
Cocos nucifera,Non-roost,10.0,0.3,7.3,20.0,1.0,14.1
Cocos nucifera,Non-roost,9.6,0.3,7.8,30.0,2.3,12.0
Cocos nucifera,Non-roost,9.8,0.3,9.4,20.0,1.3,10.0
Cocos nucifera,Non-roost,12.3,0.3,8.8,30.0,1.8,5.7
Cocos nucifera,Non-roost,12.5,0.3,7.0,30.0,1.8,4.9
Cocos nucifera,Non-roost,15.4,0.3,6.2,120.0,8.8,9.4
Cocos nucifera,Non-roost,8.8,0.3,5.2,80.0,10.4,10.1
Cocos nucifera,Non-roost,14.8,0.3,4.5,20.0,1.9,21.9
Cocos nucifera,Non-roost,8.0,0.3,7.5,30.0,1.9,24.8
Cocos nucifera,Non-roost,9.8,0.3,10.0,20.0,1.5,24.3
Cocos nucifera,Non-roost,15.0,0.3,6.8,90.0,11.2,17.9
Cocos nucifera,Non-roost,15.2,0.3,5.8,90.0,8.5,10.0
Cocos nucifera,Non-roost,4.8,0.3,5.8,100.0,7.4,16.3
Cocos nucifera,Non-roost,7.8,0.3,8.8,70.0,4.9,11.2
Cocos nucifera,Non-roost,8.6,0.3,7.4,30.0,3.0,6.3
Cocos nucifera,Non-roost,8.0,0.3,8.3,20.0,1.5,32.1
Cocos nucifera,Non-roost,9.4,0.3,7.4,100.0,11.8,4.9
Cocos nucifera,Non-roost,13.0,0.3,3.6,90.0,11.9,17.7
Cocos nucifera,Non-roost,13.2,0.3,6.8,20.0,6.2,10.4
Cocos nucifera,Non-roost,14.2,0.3,7.7,10.0,0.8,14.0
Cocos nucifera,Non-roost,14.2,0.3,5.1,20.0,1.1,13.4
Cocos nucifera,Non-roost,10.6,0.3,11.0,90.0,4.1,23.7
Cocos nucifera,Non-roost,11.4,0.3,9.4,20.0,2.0,11.0
Cocos nucifera,Non-roost,13.6,0.3,4.0,90.0,6.1,20.0
Cocos nucifera,Non-roost,14.0,0.4,9.2,50.0,7.4,14.3
Cocos nucifera,Non-roost,8.4,0.4,9.7,50.0,5.4,13.6
Cocos nucifera,Non-roost,9.2,0.4,7.8,40.0,7.1,13.5
Cocos nucifera,Non-roost,9.8,0.4,8.0,110.0,20.3,9.9
Cocos nucifera,Non-roost,10.8,0.4,7.5,80.0,13.0,4.8
Cocos nucifera,Non-roost,12.0,0.4,4.4,40.0,2.3,30.4
Cocos nucifera,Non-roost,13.8,0.4,8.4,20.0,1.2,6.6
Cocos nucifera,Non-roost,8.0,0.4,9.7,50.0,7.8,13.8
Cocos nucifera,Non-roost,9.8,0.4,8.0,10.0,1.2,25.8
Cocos nucifera,Non-roost,12.0,0.4,9.8,80.0,35.5,9.1
Cocos nucifera,Non-roost,14.0,0.4,5.2,50.0,8.8,6.5
Cocos nucifera,Non-roost,15.2,0.4,5.4,50.0,3.5,5.3
Cocos nucifera,Non-roost,11.2,0.4,7.6,20.0,2.1,28.6
Cocos nucifera,Non-roost,8.6,0.4,8.2,10.0,1.4,12.5
Cocos nucifera,Non-roost,8.0,0.4,8.7,30.0,2.4,10.8
Cocos nucifera,Non-roost,8.8,0.4,10.4,100.0,8.8,15.9
Cocos nucifera,Non-roost,9.4,0.5,7.4,60.0,3.3,25.5
Cocos nucifera,Non-roost,12.0,0.5,9.1,50.0,4.2,12.3
Corymbia sp,Non-roost,13.2,0.4,11.6,90.0,10.7,23.9
Crescentia cujete L.,Non-roost,4.6,0.3,3.9,140.0,12.1,3.6
Crescentia cujete L.,Non-roost,5.6,0.3,6.4,50.0,3.5,5.8
Crescentia cujete L.,Non-roost,6.2,0.4,7.2,80.0,10.3,10.6
Crescentia cujete L.,Non-roost,5.8,0.4,5.4,30.0,7.3,13.2
Artocarpus sp,Non-roost,11.4,0.5,6.2,30.0,6.5,7.3
Daniellia oliveri,Non-roost,4.8,0.1,7.4,160.0,13.7,11.8
Daniellia oliveri,Non-roost,6.6,0.2,3.9,40.0,2.9,8.2
Daniellia oliveri,Non-roost,6.4,0.2,4.5,100.0,5.6,10.6
Daniellia oliveri,Non-roost,5.3,0.2,5.2,40.0,3.5,24.9
Daniellia oliveri,Non-roost,5.6,0.2,4.9,60.0,3.3,9.8
Daniellia oliveri,Non-roost,4.4,0.2,5.0,30.0,2.4,5.9
Daniellia oliveri,Non-roost,4.8,0.2,5.1,60.0,3.3,6.7
Daniellia oliveri,Non-roost,5.2,0.2,6.3,30.0,1.5,9.9
Daniellia oliveri,Non-roost,4.4,0.2,4.6,20.0,1.0,5.5
Daniellia oliveri,Non-roost,5.2,0.2,3.2,100.0,12.2,11.2
Daniellia oliveri,Non-roost,6.2,0.2,4.6,100.0,7.5,7.9
Daniellia oliveri,Non-roost,5.2,0.2,7.8,20.0,1.2,19.6
Daniellia oliveri,Non-roost,7.2,0.2,4.3,30.0,1.8,9.2
Daniellia oliveri,Non-roost,4.5,0.3,3.8,30.0,1.5,10.8
Daniellia oliveri,Non-roost,5.8,0.3,5.2,20.0,1.3,22.4
Daniellia oliveri,Non-roost,6.2,0.3,5.3,20.0,1.0,2.5
Daniellia oliveri,Non-roost,5.4,0.3,6.0,30.0,1.5,8.8
Daniellia oliveri,Non-roost,7.6,0.3,3.0,90.0,9.7,16.2
Daniellia oliveri,Non-roost,5.2,0.3,7.2,20.0,1.6,8.7
Daniellia oliveri,Non-roost,5.6,0.3,7.6,40.0,3.3,2.2
Daniellia oliveri,Non-roost,5.8,0.3,5.4,10.0,0.7,22.3
Daniellia oliveri,Non-roost,5.4,0.3,6.6,30.0,2.6,26.9
Daniellia oliveri,Non-roost,4.6,0.3,3.6,20.0,1.5,19.2
Daniellia oliveri,Non-roost,5.0,0.3,3.2,30.0,1.8,11.4
Daniellia oliveri,Non-roost,5.2,0.3,5.2,20.0,1.0,10.0
Daniellia oliveri,Non-roost,5.0,0.3,6.1,10.0,0.9,6.0
Daniellia oliveri,Non-roost,5.4,0.3,7.2,20.0,1.6,0.5
Daniellia oliveri,Non-roost,6.4,0.4,8.2,20.0,2.8,4.5
Daniellia oliveri,Non-roost,5.4,0.4,8.5,40.0,5.2,13.7
Daniellia oliveri,Non-roost,5.4,0.4,10.5,30.0,3.4,17.0
Daniellia oliveri,Non-roost,7.2,0.4,6.6,30.0,6.2,19.6
Daniellia oliveri,Non-roost,5.8,0.4,3.8,40.0,2.8,5.8
Daniellia oliveri,Non-roost,6.4,0.4,11.1,60.0,4.3,11.9
Daniellia oliveri,Non-roost,12.8,0.4,17.2,70.0,13.4,32.4
Daniellia oliveri,Non-roost,7.6,0.5,9.6,30.0,2.9,16.7
Daniellia oliveri,Non-roost,13.6,0.5,11.0,70.0,8.1,11.1
Daniellia oliveri,Non-roost,7.2,0.5,11.5,70.0,5.3,7.4
Daniellia oliveri,Non-roost,5.8,0.5,4.6,20.0,2.3,16.3
Daniellia oliveri,Non-roost,17.4,0.6,7.3,60.0,11.4,27.5
Daniellia oliveri,Non-roost,11.6,0.7,16.0,50.0,7.4,30.8
Daniellia oliveri,Non-roost,7.2,0.8,7.0,60.0,7.3,14.7
Delonix regia,Roost,8.4,0.4,12.8,90.0,8.5,4.5
Delonix regia,Roost,8.4,0.5,16.0,40.0,3.1,44.6
Delonix regia,Roost,10.4,1.0,19.7,80.0,28.8,10.8
Delonix regia,Non-roost,6.4,0.2,7.0,40.0,4.9,15.6
Delonix regia,Non-roost,7.6,0.2,10.4,50.0,2.0,26.8
Delonix regia,Non-roost,9.6,0.2,7.6,40.0,1.5,18.3
Delonix regia,Non-roost,5.6,0.2,6.5,50.0,5.9,32.0
Delonix regia,Non-roost,8.4,0.2,9.3,80.0,10.0,14.4
Delonix regia,Non-roost,6.2,0.2,19.4,60.0,13.7,24.2
Delonix regia,Non-roost,6.6,0.2,8.4,70.0,10.2,22.3
Delonix regia,Non-roost,8.2,0.3,15.7,100.0,14.1,19.7
Delonix regia,Non-roost,5.4,0.3,8.4,50.0,9.4,20.1
Delonix regia,Non-roost,5.8,0.3,8.0,20.0,1.0,16.9
Delonix regia,Non-roost,5.2,0.3,6.8,20.0,2.2,8.3
Delonix regia,Non-roost,13.6,0.3,12.6,130.0,13.1,28.0
Delonix regia,Non-roost,6.4,0.3,9.2,90.0,16.2,15.0
Delonix regia,Non-roost,8.0,0.3,14.5,90.0,13.3,22.3
Delonix regia,Non-roost,8.8,0.3,10.6,40.0,1.5,13.7
Delonix regia,Non-roost,5.2,0.4,14.8,50.0,11.2,53.4
Delonix regia,Non-roost,12.2,0.4,14.6,60.0,6.4,21.6
Delonix regia,Non-roost,7.6,0.4,6.6,60.0,7.5,19.9
Delonix regia,Non-roost,6.0,0.4,12.3,60.0,3.7,39.1
Delonix regia,Non-roost,7.2,0.4,13.4,80.0,15.5,10.7
Delonix regia,Non-roost,9.2,0.4,17.0,10.0,1.4,25.0
Delonix regia,Non-roost,8.8,0.4,16.4,80.0,15.5,10.1
Delonix regia,Non-roost,10.4,0.5,14.4,110.0,10.5,21.4
Delonix regia,Non-roost,6.4,0.5,12.0,60.0,9.6,23.0
Delonix regia,Non-roost,7.8,0.5,18.8,60.0,14.1,21.0
Delonix regia,Non-roost,6.2,0.5,10.0,70.0,8.0,27.8
Delonix regia,Non-roost,8.2,0.5,16.0,60.0,11.6,28.9
Delonix regia,Non-roost,11.0,0.5,19.4,100.0,10.7,18.2
Delonix regia,Non-roost,6.2,0.5,13.4,10.0,1.8,9.9
Delonix regia,Non-roost,7.7,0.5,19.6,20.0,3.6,23.6
Delonix regia,Non-roost,10.4,0.5,12.6,20.0,3.6,27.8
Delonix regia,Non-roost,6.4,0.5,10.0,100.0,15.4,23.9
Delonix regia,Non-roost,9.0,0.5,15.8,80.0,9.6,20.5
Delonix regia,Non-roost,6.6,0.5,10.8,20.0,2.6,20.8
Delonix regia,Non-roost,9.4,0.5,15.9,60.0,11.6,10.3
Delonix regia,Non-roost,9.6,0.5,21.0,90.0,19.0,13.2
Delonix regia,Non-roost,7.2,0.6,7.2,20.0,5.3,23.3
Delonix regia,Non-roost,8.4,0.6,12.1,110.0,17.2,21.2
Delonix regia,Non-roost,13.5,0.6,20.9,60.0,11.5,26.6
Delonix regia,Non-roost,5.2,0.6,8.2,20.0,3.8,25.0
Delonix regia,Non-roost,11.6,0.7,17.0,60.0,9.0,18.0
Dracaena compacta,Non-roost,7.5,0.9,3.6,80.0,18.2,12.8
Dracaena compacta,Non-roost,9.4,1.0,8.0,100.0,20.2,11.9
Elaeis guineensis,Roost,8.6,0.8,11.7,20.0,6.2,7.6
Elaeis guineensis,Non-roost,6.0,0.4,6.0,50.0,10.4,21.5
Elaeis guineensis,Non-roost,7.4,0.4,11.0,90.0,17.6,13.7
Elaeis guineensis,Non-roost,11.6,0.4,5.4,10.0,1.3,28.0
Elaeis guineensis,Non-roost,5.8,0.4,5.8,20.0,2.5,6.7
Elaeis guineensis,Non-roost,7.1,0.4,8.0,90.0,16.7,15.1
Elaeis guineensis,Non-roost,8.6,0.4,3.5,10.0,1.5,24.3
Elaeis guineensis,Non-roost,6.8,0.5,11.2,140.0,15.2,10.9
Elaeis guineensis,Non-roost,10.0,0.5,9.2,60.0,11.4,23.3
Elaeis guineensis,Non-roost,9.6,0.5,8.6,10.0,1.8,14.6
Elaeis guineensis,Non-roost,9.6,0.5,8.3,50.0,5.6,21.4
Elaeis guineensis,Non-roost,7.4,0.5,8.0,50.0,8.0,13.8
Elaeis guineensis,Non-roost,6.4,0.5,9.7,100.0,10.2,14.5
Elaeis guineensis,Non-roost,7.5,0.5,9.2,60.0,19.0,14.7
Elaeis guineensis,Non-roost,5.8,0.5,8.8,100.0,16.1,13.9
Elaeis guineensis,Non-roost,9.4,0.5,9.2,10.0,2.0,11.2
Elaeis guineensis,Non-roost,7.6,0.5,8.6,70.0,13.4,19.1
Elaeis guineensis,Non-roost,7.8,0.5,8.4,30.0,2.4,20.1
Elaeis guineensis,Non-roost,5.9,0.5,8.6,120.0,36.8,25.9
Elaeis guineensis,Non-roost,6.8,0.6,6.0,110.0,32.6,21.7
Elaeis guineensis,Non-roost,7.8,0.6,8.8,50.0,22.5,22.1
Elaeis guineensis,Non-roost,8.2,0.6,9.4,40.0,13.8,7.0
Elaeis guineensis,Non-roost,8.6,0.6,8.8,70.0,13.4,10.7
Elaeis guineensis,Non-roost,9.2,0.6,6.8,20.0,3.8,16.6
Elaeis guineensis,Non-roost,6.2,0.6,6.8,30.0,5.6,15.5
Elaeis guineensis,Non-roost,8.6,0.6,7.8,60.0,19.6,6.6
Elaeis guineensis,Non-roost,9.6,0.6,7.5,50.0,8.6,20.5
Elaeis guineensis,Non-roost,8.4,0.6,10.0,160.0,13.7,15.4
Elaeis guineensis,Non-roost,11.0,0.6,9.6,130.0,29.5,7.4
Elaeis guineensis,Non-roost,6.2,0.6,6.4,50.0,4.7,26.7
Elaeis guineensis,Non-roost,8.9,0.6,10.0,130.0,40.3,17.5
Elaeis guineensis,Non-roost,8.4,0.6,10.6,120.0,37.6,17.2
Elaeis guineensis,Non-roost,8.0,0.6,8.6,50.0,8.0,9.6
Elaeis guineensis,Non-roost,5.7,0.6,8.2,140.0,42.3,20.2
Elaeis guineensis,Non-roost,6.2,0.6,10.0,60.0,19.7,5.0
Elaeis guineensis,Non-roost,6.4,0.6,11.0,90.0,28.6,7.2
Elaeis guineensis,Non-roost,7.0,0.6,8.5,100.0,11.8,15.1
Elaeis guineensis,Non-roost,7.2,0.6,9.2,120.0,33.2,11.2
Elaeis guineensis,Non-roost,7.8,0.6,10.0,30.0,7.4,18.9
Elaeis guineensis,Non-roost,8.0,0.6,12.6,60.0,19.7,6.2
Elaeis guineensis,Non-roost,8.8,0.6,10.0,80.0,15.2,14.9
Elaeis guineensis,Non-roost,6.6,0.7,10.0,20.0,4.9,17.5
Elaeis guineensis,Non-roost,10.0,0.7,13.0,30.0,9.4,11.4
Elaeis guineensis,Non-roost,9.8,0.7,10.8,50.0,21.3,37.1
Elaeis guineensis,Non-roost,5.6,0.7,7.6,60.0,5.4,12.6
Elaeis guineensis,Non-roost,6.8,0.7,8.2,90.0,11.4,10.0
Elaeis guineensis,Non-roost,9.7,0.7,11.2,90.0,15.7,15.6
Elaeis guineensis,Non-roost,12.2,0.7,8.6,70.0,10.2,14.3
Elaeis guineensis,Non-roost,7.6,0.7,8.3,50.0,8.8,7.6
Elaeis guineensis,Non-roost,7.8,0.7,9.7,80.0,29.4,4.5
Elaeis guineensis,Non-roost,5.4,0.7,8.0,50.0,8.5,10.6
Elaeis guineensis,Non-roost,5.8,0.7,8.9,20.0,4.1,24.4
Elaeis guineensis,Non-roost,9.0,0.7,12.3,50.0,10.8,11.2
Elaeis guineensis,Non-roost,7.4,0.7,8.9,20.0,5.2,7.5
Elaeis guineensis,Non-roost,8.0,0.7,11.6,110.0,32.6,15.3
Elaeis guineensis,Non-roost,8.2,0.7,10.4,110.0,34.3,14.0
Elaeis guineensis,Non-roost,11.0,0.7,9.4,100.0,28.7,24.9
Elaeis guineensis,Non-roost,8.4,0.7,8.2,60.0,25.1,19.1
Elaeis guineensis,Non-roost,6.4,0.7,6.0,60.0,7.6,14.0
Elaeis guineensis,Non-roost,6.6,0.7,6.1,60.0,8.3,28.3
Elaeis guineensis,Non-roost,7.5,0.7,9.6,80.0,35.5,5.2
Elaeis guineensis,Non-roost,7.4,0.7,9.6,90.0,15.0,17.9
Elaeis guineensis,Non-roost,7.8,0.7,11.8,80.0,35.5,1.6
Elaeis guineensis,Non-roost,6.8,0.7,4.3,80.0,38.8,15.1
Elaeis guineensis,Non-roost,8.4,0.7,8.0,150.0,15.3,12.6
Elaeis guineensis,Non-roost,5.8,0.7,7.4,30.0,13.9,5.6
Elaeis guineensis,Non-roost,6.0,0.7,8.9,60.0,20.4,17.6
Elaeis guineensis,Non-roost,4.2,0.8,3.8,90.0,43.6,11.7
Elaeis guineensis,Non-roost,7.6,0.8,7.2,30.0,13.9,3.8
Elaeis guineensis,Non-roost,8.6,0.8,10.0,60.0,19.7,9.6
Elaeis guineensis,Non-roost,7.2,0.8,7.2,60.0,25.1,19.1
Elaeis guineensis,Non-roost,6.4,0.8,9.8,30.0,6.0,4.4
Elaeis guineensis,Non-roost,8.0,0.8,11.0,70.0,12.8,5.4
Elaeis guineensis,Non-roost,8.6,0.8,8.8,60.0,19.7,6.0
Elaeis guineensis,Non-roost,8.5,0.8,9.8,70.0,30.5,1.5
Elaeis guineensis,Non-roost,8.4,0.8,9.6,40.0,13.8,6.1
Elaeis guineensis,Non-roost,9.8,0.8,6.0,50.0,8.8,19.8
Elaeis guineensis,Non-roost,10.8,0.8,9.4,20.0,6.9,21.3
Elaeis guineensis,Non-roost,7.0,0.8,6.0,50.0,14.5,25.9
Elaeis guineensis,Non-roost,5.4,0.8,6.3,80.0,41.2,13.7
Elaeis guineensis,Non-roost,7.8,0.8,9.4,60.0,14.7,9.5
Elaeis guineensis,Non-roost,4.8,0.8,6.8,100.0,39.7,25.2
Elaeis guineensis,Non-roost,5.4,0.8,6.1,40.0,6.4,8.5
Elaeis guineensis,Non-roost,5.6,0.8,8.4,50.0,14.5,25.8
Elaeis guineensis,Non-roost,6.8,0.8,9.0,50.0,14.0,11.5
Elaeis guineensis,Non-roost,5.2,0.8,7.2,40.0,8.7,14.5
Elaeis guineensis,Non-roost,7.6,0.8,9.6,50.0,15.5,10.1
Elaeis guineensis,Non-roost,7.9,0.8,8.6,70.0,30.5,6.1
Elaeis guineensis,Non-roost,8.4,0.8,11.0,80.0,24.8,12.4
Elaeis guineensis,Non-roost,8.0,0.8,9.6,30.0,7.5,7.4
Elaeis guineensis,Non-roost,5.4,0.8,5.9,80.0,10.5,21.7
Elaeis guineensis,Non-roost,6.0,0.8,8.8,30.0,13.9,5.1
Elaeis guineensis,Non-roost,5.2,0.8,8.0,110.0,47.8,26.4
Elaeis guineensis,Non-roost,4.4,0.8,6.8,110.0,12.5,7.8
Elaeis guineensis,Non-roost,7.0,0.8,7.0,110.0,63.2,19.9
Elaeis guineensis,Non-roost,4.8,0.8,6.6,80.0,49.1,17.0
Elaeis guineensis,Non-roost,7.2,0.8,10.6,70.0,30.5,9.8
Elaeis guineensis,Non-roost,8.2,0.8,10.4,20.0,6.2,9.9
Elaeis guineensis,Non-roost,4.8,0.8,6.0,130.0,61.1,19.7
Elaeis guineensis,Non-roost,8.6,0.9,9.2,30.0,9.1,18.0
Elaeis guineensis,Non-roost,4.5,0.9,2.8,50.0,21.3,42.1
Elaeis guineensis,Non-roost,10.0,0.9,10.0,40.0,13.8,9.8
Elaeis guineensis,Non-roost,7.8,0.9,9.4,60.0,35.5,20.5
Elaeis guineensis,Non-roost,8.6,0.9,9.0,70.0,30.5,5.7
Elaeis guineensis,Non-roost,8.4,0.9,7.6,50.0,21.3,41.7
Elaeis guineensis,Non-roost,6.2,0.9,6.5,60.0,24.1,17.2
Elaeis guineensis,Non-roost,6.2,0.9,7.2,130.0,60.4,20.8
Elaeis guineensis,Non-roost,5.4,0.9,4.9,100.0,49.1,13.3
Elaeis guineensis,Non-roost,4.8,0.9,2.8,100.0,49.6,11.2
Elaeis guineensis,Non-roost,6.0,1.0,9.7,40.0,11.3,10.0
Elaeis guineensis,Non-roost,6.4,1.0,8.1,30.0,10.8,13.2
Elaeis guineensis,Non-roost,8.0,1.0,7.6,60.0,25.1,21.2
Elaeis guineensis,Non-roost,7.2,1.0,8.4,140.0,52.8,23.9
Elaeis guineensis,Non-roost,7.0,1.0,8.0,140.0,56.8,25.3
Elaeis guineensis,Non-roost,4.6,1.1,6.0,90.0,46.7,11.8
Elaeis guineensis,Non-roost,5.2,1.2,7.4,90.0,59.1,17.3
Eucalyptus sp,Non-roost,12.0,0.3,4.8,30.0,3.3,41.4
Eucalyptus sp,Non-roost,15.0,0.3,4.9,50.0,5.4,45.9
Eucalyptus sp,Non-roost,17.0,0.4,11.7,40.0,7.4,25.3
Eucalyptus sp,Non-roost,13.2,0.4,9.0,30.0,3.6,13.5
Eucalyptus sp,Non-roost,15.2,0.4,12.0,120.0,14.8,39.2
Eucalyptus sp,Non-roost,12.2,0.4,6.6,40.0,4.9,49.7
Eucalyptus sp,Non-roost,17.2,0.4,10.1,20.0,2.3,40.8
Eucalyptus sp,Non-roost,16.2,0.4,12.6,140.0,31.8,10.5
Eucalyptus sp,Non-roost,21.6,0.4,8.2,40.0,6.2,17.3
Eucalyptus sp,Non-roost,20.6,0.5,10.0,140.0,22.9,22.6
Eucalyptus sp,Non-roost,20.8,0.5,12.6,60.0,7.8,50.7
Eucalyptus sp,Non-roost,20.0,0.5,9.1,50.0,5.5,23.2
Eucalyptus sp,Non-roost,17.8,0.5,2.7,150.0,21.7,32.9
Eucalyptus sp,Non-roost,21.0,0.6,9.0,40.0,10.6,33.2
Ficus spp,Roost,9.0,0.4,11.9,40.0,11.3,14.8
Ficus spp,Roost,6.0,0.4,7.1,20.0,1.6,9.5
Ficus spp,Roost,7.0,0.5,8.4,20.0,9.0,5.7
Ficus spp,Roost,5.2,0.5,5.4,40.0,6.0,9.5
Ficus spp,Roost,8.0,0.6,5.2,50.0,7.6,8.1
Ficus spp,Roost,10.8,0.6,9.2,90.0,10.8,23.2
Ficus spp,Roost,11.0,0.7,14.6,80.0,14.4,34.6
Ficus spp,Roost,10.0,0.7,13.2,10.0,4.0,3.6
Ficus spp,Roost,7.2,0.7,14.0,10.0,4.1,46.2
Ficus spp,Roost,12.4,0.8,16.0,10.0,4.7,31.8
Ficus spp,Roost,11.6,0.9,19.9,80.0,14.4,36.4
Ficus spp,Roost,13.6,1.2,21.0,110.0,26.4,25.2
Ficus spp,Non-roost,5.0,0.2,4.0,100.0,15.7,12.9
Ficus spp,Non-roost,6.8,0.2,6.0,50.0,2.5,45.7
Ficus spp,Non-roost,5.6,0.2,7.0,60.0,3.2,6.3
Ficus spp,Non-roost,6.2,0.2,8.0,90.0,10.4,33.6
Ficus spp,Non-roost,7.4,0.2,7.8,20.0,1.1,21.4
Ficus spp,Non-roost,8.6,0.3,8.0,90.0,10.4,25.8
Ficus spp,Non-roost,6.0,0.3,9.6,20.0,1.1,17.8
Ficus spp,Non-roost,7.8,0.3,10.7,90.0,10.4,28.8
Ficus spp,Non-roost,6.6,0.3,7.6,20.0,2.0,12.4
Ficus spp,Non-roost,7.2,0.3,8.8,10.0,0.9,19.1
Ficus spp,Non-roost,5.4,0.4,7.9,60.0,4.6,9.0
Ficus spp,Non-roost,6.0,0.5,4.4,60.0,24.1,16.2
Ficus spp,Non-roost,11.8,0.5,12.7,90.0,10.4,28.1
Ficus spp,Non-roost,10.0,0.5,6.0,100.0,11.3,20.9
Ficus spp,Non-roost,6.8,0.6,3.8,60.0,7.2,20.9
Gliricidia sepium,Roost,10.0,0.2,10.7,30.0,1.4,28.0
Gliricidia sepium,Roost,11.8,0.4,13.6,60.0,3.2,4.6
Gliricidia sepium,Roost,6.8,0.6,6.2,10.0,3.0,4.4
Gliricidia sepium,Non-roost,6.4,0.1,5.8,170.0,9.9,40.0
Gliricidia sepium,Non-roost,6.6,0.1,5.8,170.0,8.5,35.1
Gliricidia sepium,Non-roost,7.0,0.1,7.4,60.0,3.2,12.1
Gliricidia sepium,Non-roost,7.2,0.2,10.0,70.0,9.5,21.2
Gliricidia sepium,Non-roost,7.4,0.2,6.6,70.0,9.5,20.2
Gliricidia sepium,Non-roost,5.9,0.2,12.6,50.0,3.2,41.3
Gliricidia sepium,Non-roost,7.4,0.2,6.8,130.0,29.3,40.9
Gliricidia sepium,Non-roost,9.8,0.2,13.1,30.0,6.1,8.9
Gliricidia sepium,Non-roost,7.0,0.2,8.9,60.0,3.2,10.8
Gliricidia sepium,Non-roost,6.6,0.2,5.2,180.0,10.8,34.7
Gliricidia sepium,Non-roost,6.6,0.2,8.8,40.0,3.1,9.7
Gliricidia sepium,Non-roost,5.8,0.2,9.4,120.0,41.4,32.9
Gliricidia sepium,Non-roost,5.4,0.2,5.4,50.0,3.6,12.1
Gliricidia sepium,Non-roost,7.0,0.2,11.7,50.0,2.4,8.2
Gliricidia sepium,Non-roost,6.0,0.2,5.6,30.0,0.9,38.4
Gliricidia sepium,Non-roost,7.8,0.2,8.0,80.0,14.4,37.4
Gliricidia sepium,Non-roost,5.8,0.2,8.0,60.0,6.5,6.8
Gliricidia sepium,Non-roost,9.4,0.2,10.0,120.0,41.4,34.8
Gliricidia sepium,Non-roost,6.4,0.2,10.9,30.0,6.1,9.2
Gliricidia sepium,Non-roost,9.8,0.2,12.0,100.0,12.9,12.0
Gliricidia sepium,Non-roost,8.2,0.2,6.9,70.0,19.2,40.0
Gliricidia sepium,Non-roost,6.6,0.2,10.6,40.0,2.5,30.6
Gliricidia sepium,Non-roost,8.0,0.2,4.4,30.0,0.9,38.6
Gliricidia sepium,Non-roost,8.0,0.2,7.8,20.0,1.2,36.2
Gliricidia sepium,Non-roost,8.2,0.2,9.4,40.0,1.7,50.9
Gliricidia sepium,Non-roost,9.8,0.2,6.8,70.0,9.5,20.6
Gliricidia sepium,Non-roost,7.4,0.2,11.4,60.0,7.5,22.1
Gliricidia sepium,Non-roost,7.2,0.3,10.0,10.0,0.5,12.6
Gliricidia sepium,Non-roost,7.8,0.3,10.0,70.0,12.0,25.9
Gliricidia sepium,Non-roost,9.8,0.3,11.4,10.0,0.6,20.1
Gliricidia sepium,Non-roost,8.4,0.3,14.2,40.0,3.1,9.0
Gliricidia sepium,Non-roost,10.2,0.3,12.0,110.0,40.6,31.1
Gliricidia sepium,Non-roost,8.6,0.3,8.0,90.0,19.7,38.2
Gliricidia sepium,Non-roost,8.1,0.3,2.0,130.0,29.1,40.8
Gliricidia sepium,Non-roost,9.6,0.3,9.4,100.0,19.5,11.5
Gliricidia sepium,Non-roost,8.8,0.4,11.0,70.0,8.4,6.7
Gliricidia sepium,Non-roost,10.4,0.4,13.8,80.0,10.8,15.9
Gliricidia sepium,Non-roost,9.8,0.4,13.5,30.0,1.8,16.5
Gliricidia sepium,Non-roost,12.2,0.5,14.0,60.0,6.5,5.3
Gliricidia sepium,Non-roost,17.8,0.9,18.8,30.0,12.6,39.6
Gmelina arborea,Roost,16.0,0.5,14.0,60.0,14.7,33.3
Gmelina arborea,Roost,16.0,0.6,15.4,40.0,11.4,37.8
Gmelina arborea,Roost,18.0,0.7,16.0,80.0,15.3,37.6
Gmelina arborea,Roost,15.4,0.8,13.6,90.0,17.1,26.2
Gmelina arborea,Roost,18.4,1.0,24.0,90.0,18.5,43.8
Gmelina arborea,Roost,17.0,1.1,14.4,20.0,12.6,28.6
Gmelina arborea,Non-roost,8.6,0.1,2.9,160.0,8.9,40.1
Gmelina arborea,Non-roost,10.6,0.2,5.0,180.0,12.1,29.6
Gmelina arborea,Non-roost,7.4,0.2,9.9,190.0,12.8,30.4
Gmelina arborea,Non-roost,11.4,0.2,9.4,170.0,9.9,36.8
Gmelina arborea,Non-roost,8.2,0.2,6.0,120.0,12.9,14.1
Gmelina arborea,Non-roost,10.4,0.2,7.1,170.0,8.5,33.2
Gmelina arborea,Non-roost,7.6,0.3,8.7,20.0,1.0,39.4
Gmelina arborea,Non-roost,12.6,0.3,8.0,170.0,8.5,32.1
Gmelina arborea,Non-roost,12.6,0.3,9.0,180.0,10.8,32.9
Gmelina arborea,Non-roost,10.2,0.3,7.4,140.0,7.9,40.9
Gmelina arborea,Non-roost,9.0,0.3,8.6,30.0,1.9,1.5
Gmelina arborea,Non-roost,12.4,0.3,6.0,150.0,8.1,44.4
Gmelina arborea,Non-roost,12.2,0.3,8.0,140.0,5.8,28.0
Gmelina arborea,Non-roost,12.8,0.3,12.0,80.0,10.4,7.5
Gmelina arborea,Non-roost,8.0,0.4,8.0,130.0,6.8,26.8
Gmelina arborea,Non-roost,11.0,0.4,7.9,130.0,24.0,24.2
Gmelina arborea,Non-roost,10.8,0.4,6.8,100.0,14.5,32.9
Gmelina arborea,Non-roost,8.6,0.4,8.7,110.0,11.1,15.5
Gmelina arborea,Non-roost,10.8,0.4,6.4,120.0,22.3,27.4
Gmelina arborea,Non-roost,9.4,0.4,8.8,130.0,19.3,23.7
Gmelina arborea,Non-roost,13.6,0.4,12.0,150.0,8.1,43.0
Gmelina arborea,Non-roost,6.6,0.4,2.3,80.0,9.6,30.1
Gmelina arborea,Non-roost,12.6,0.5,13.0,70.0,9.0,22.9
Gmelina arborea,Non-roost,10.2,0.5,12.4,140.0,14.5,34.0
Gmelina arborea,Non-roost,12.8,0.5,13.0,140.0,24.3,28.4
Gmelina arborea,Non-roost,11.2,0.5,11.0,20.0,4.4,23.4
Gmelina arborea,Non-roost,8.6,0.5,4.5,40.0,3.4,25.8
Gmelina arborea,Non-roost,11.2,0.5,13.4,90.0,16.4,23.9
Gmelina arborea,Non-roost,12.6,0.5,6.0,180.0,35.4,27.3
Gmelina arborea,Non-roost,12.6,0.5,9.7,120.0,7.0,45.9
Gmelina arborea,Non-roost,13.6,0.6,18.0,200.0,14.2,45.1
Gmelina arborea,Non-roost,18.0,0.6,14.8,160.0,22.9,31.8
Gmelina arborea,Non-roost,14.0,0.6,12.0,130.0,27.1,31.2
Gmelina arborea,Non-roost,13.2,0.7,16.4,10.0,3.7,30.3
Gmelina arborea,Non-roost,17.4,0.7,20.0,20.0,12.6,34.0
Gmelina arborea,Non-roost,14.8,0.8,21.6,10.0,5.0,23.5
Gmelina arborea,Non-roost,13.4,0.8,18.6,40.0,11.2,24.5
Gmelina arborea,Non-roost,17.6,0.9,14.6,60.0,24.4,20.3
Holarrhena floribunda,Non-roost,8.0,0.2,4.0,170.0,9.9,41.8
Holarrhena floribunda,Non-roost,9.8,0.2,8.5,60.0,2.6,26.1
Khaya spp,Non-roost,19.6,0.8,15.7,30.0,14.5,44.9
Khaya spp,Non-roost,17.0,0.9,17.7,40.0,14.1,48.4
Khaya spp,Non-roost,18.4,1.2,17.8,20.0,11.0,36.7
Lagerstroemia speciosa,Non-roost,5.4,0.3,6.6,20.0,2.4,16.5
Leucaena leucocephala,Non-roost,12.0,0.3,9.7,40.0,13.9,22.0
Unidentified sp 14,Non-roost,6.2,0.4,9.2,60.0,6.8,20.6
Mangifera indica,Roost,7.4,0.3,7.7,70.0,3.1,22.8
Mangifera indica,Roost,4.2,0.3,6.0,50.0,7.6,7.2
Mangifera indica,Roost,8.0,0.3,5.6,40.0,2.5,4.7
Mangifera indica,Roost,7.5,0.3,8.6,50.0,16.9,6.4
Mangifera indica,Roost,6.8,0.3,6.1,70.0,3.9,5.5
Mangifera indica,Roost,8.6,0.4,7.0,40.0,5.7,20.5
Mangifera indica,Roost,9.2,0.4,9.5,50.0,8.1,4.3
Mangifera indica,Roost,6.0,0.4,10.0,10.0,1.0,19.9
Mangifera indica,Roost,8.4,0.4,1.2,60.0,7.1,18.0
Mangifera indica,Roost,7.6,0.4,9.0,30.0,4.0,22.2
Mangifera indica,Roost,5.8,0.4,11.7,80.0,14.5,15.5
Mangifera indica,Roost,12.4,0.5,7.3,50.0,5.7,9.1
Mangifera indica,Roost,11.2,0.5,11.4,20.0,2.4,18.5
Mangifera indica,Roost,7.8,0.5,13.2,20.0,2.3,6.4
Mangifera indica,Roost,8.8,0.5,11.0,20.0,4.2,4.6
Mangifera indica,Roost,7.6,0.5,6.8,50.0,3.6,12.4
Mangifera indica,Roost,9.2,0.5,10.0,30.0,10.6,13.6
Mangifera indica,Roost,10.8,0.6,9.8,20.0,2.8,17.6
Mangifera indica,Roost,8.8,0.6,10.0,70.0,8.7,25.4
Mangifera indica,Roost,12.1,0.6,10.3,20.0,6.7,4.5
Mangifera indica,Roost,9.4,0.6,10.8,10.0,3.2,22.3
Mangifera indica,Roost,9.0,0.7,8.4,30.0,4.3,5.6
Mangifera indica,Roost,9.2,0.7,16.8,20.0,6.7,7.1
Mangifera indica,Roost,9.6,0.7,14.4,20.0,8.6,13.8
Mangifera indica,Roost,9.0,0.8,12.0,20.0,8.6,11.3
Mangifera indica,Roost,13.0,0.8,12.6,20.0,12.2,15.5
Mangifera indica,Roost,9.8,0.8,10.8,30.0,11.2,7.9
Mangifera indica,Roost,9.6,0.8,9.6,20.0,6.4,2.1
Mangifera indica,Roost,9.6,0.8,10.2,30.0,6.1,17.0
Mangifera indica,Roost,12.4,0.9,13.2,40.0,10.8,7.6
Mangifera indica,Roost,10.0,0.9,7.2,30.0,7.3,13.1
Mangifera indica,Roost,12.6,0.9,17.8,10.0,6.4,21.1
Mangifera indica,Roost,8.6,0.9,15.8,10.0,6.6,17.9
Mangifera indica,Roost,13.0,0.9,17.4,10.0,6.8,23.9
Mangifera indica,Roost,11.4,0.9,10.0,10.0,6.9,11.3
Mangifera indica,Roost,10.0,1.0,12.6,10.0,7.2,3.9
Mangifera indica,Roost,10.6,1.0,10.8,20.0,9.0,16.6
Mangifera indica,Roost,12.6,1.0,19.2,20.0,12.2,4.3
Mangifera indica,Roost,10.2,1.0,11.6,10.0,8.0,13.4
Mangifera indica,Roost,12.8,1.0,17.0,20.0,14.0,29.8
Mangifera indica,Roost,10.0,1.1,17.6,20.0,10.1,25.6
Mangifera indica,Non-roost,5.2,0.1,6.6,110.0,12.1,11.5
Mangifera indica,Non-roost,5.0,0.1,3.3,60.0,6.8,8.6
Mangifera indica,Non-roost,5.0,0.1,7.0,140.0,15.2,11.1
Mangifera indica,Non-roost,4.4,0.1,5.7,100.0,5.8,7.2
Mangifera indica,Non-roost,5.2,0.2,3.3,30.0,2.4,10.4
Mangifera indica,Non-roost,5.4,0.2,5.3,140.0,12.1,5.5
Mangifera indica,Non-roost,5.6,0.2,4.3,60.0,3.3,8.8
Mangifera indica,Non-roost,4.6,0.2,2.6,70.0,5.6,8.5
Mangifera indica,Non-roost,6.0,0.2,4.1,100.0,5.5,10.8
Mangifera indica,Non-roost,5.0,0.2,3.8,80.0,5.7,17.2
Mangifera indica,Non-roost,7.0,0.2,3.0,120.0,16.0,6.7
Mangifera indica,Non-roost,4.8,0.2,3.1,70.0,14.4,22.4
Mangifera indica,Non-roost,4.4,0.2,4.9,50.0,7.3,12.1
Mangifera indica,Non-roost,5.6,0.2,3.4,40.0,1.8,9.3
Mangifera indica,Non-roost,5.4,0.2,3.5,20.0,1.3,13.0
Mangifera indica,Non-roost,5.4,0.2,5.7,10.0,0.3,11.3
Mangifera indica,Non-roost,6.3,0.2,4.8,60.0,20.4,16.1
Mangifera indica,Non-roost,5.2,0.2,4.8,30.0,1.8,27.2
Mangifera indica,Non-roost,5.4,0.2,4.5,50.0,12.4,15.3
Mangifera indica,Non-roost,5.4,0.2,5.0,30.0,2.4,15.0
Mangifera indica,Non-roost,5.6,0.2,4.1,50.0,3.1,11.1
Mangifera indica,Non-roost,6.4,0.2,3.3,60.0,20.4,16.1
Mangifera indica,Non-roost,5.4,0.2,5.7,20.0,1.1,8.4
Mangifera indica,Non-roost,6.0,0.2,3.8,60.0,3.3,5.4
Mangifera indica,Non-roost,5.0,0.2,7.7,40.0,1.7,15.1
Mangifera indica,Non-roost,5.6,0.2,5.1,20.0,0.8,15.5
Mangifera indica,Non-roost,8.2,0.2,7.7,60.0,7.6,14.6
Mangifera indica,Non-roost,4.4,0.2,8.8,40.0,4.5,12.5
Mangifera indica,Non-roost,4.8,0.2,5.6,40.0,2.3,5.7
Mangifera indica,Non-roost,5.0,0.2,7.4,30.0,3.0,5.4
Mangifera indica,Non-roost,5.4,0.2,6.6,30.0,1.8,5.7
Mangifera indica,Non-roost,6.0,0.2,5.8,30.0,4.3,9.2
Mangifera indica,Non-roost,6.4,0.2,6.0,30.0,2.9,18.7
Mangifera indica,Non-roost,4.4,0.2,4.0,10.0,0.4,14.3
Mangifera indica,Non-roost,5.0,0.2,5.5,30.0,1.9,3.0
Mangifera indica,Non-roost,6.2,0.2,4.2,40.0,2.6,25.8
Mangifera indica,Non-roost,5.4,0.2,10.2,40.0,4.2,22.0
Mangifera indica,Non-roost,5.0,0.2,5.7,20.0,0.8,2.7
Mangifera indica,Non-roost,6.2,0.2,5.6,50.0,3.7,13.8
Mangifera indica,Non-roost,4.8,0.3,6.6,20.0,0.8,8.6
Mangifera indica,Non-roost,6.2,0.3,8.7,150.0,12.2,9.6
Mangifera indica,Non-roost,6.4,0.3,5.9,20.0,1.1,7.8
Mangifera indica,Non-roost,5.0,0.3,4.4,30.0,1.8,15.2
Mangifera indica,Non-roost,5.6,0.3,8.0,110.0,5.9,10.4
Mangifera indica,Non-roost,6.0,0.3,4.8,50.0,11.4,11.7
Mangifera indica,Non-roost,6.8,0.3,5.2,20.0,1.6,35.7
Mangifera indica,Non-roost,7.2,0.3,8.3,160.0,24.0,29.3
Mangifera indica,Non-roost,7.2,0.3,5.7,60.0,3.3,12.7
Mangifera indica,Non-roost,7.4,0.3,7.6,110.0,13.7,40.8
Mangifera indica,Non-roost,7.5,0.3,13.6,30.0,1.2,4.3
Mangifera indica,Non-roost,7.6,0.3,6.1,50.0,3.5,9.2
Mangifera indica,Non-roost,6.2,0.3,8.2,40.0,6.0,6.9
Mangifera indica,Non-roost,7.0,0.3,8.3,20.0,0.8,18.9
Mangifera indica,Non-roost,6.0,0.3,6.0,10.0,0.5,22.5
Mangifera indica,Non-roost,6.4,0.3,6.4,10.0,0.6,7.2
Mangifera indica,Non-roost,5.8,0.3,7.3,30.0,2.4,10.2
Mangifera indica,Non-roost,5.8,0.3,6.4,10.0,0.6,8.2
Mangifera indica,Non-roost,7.4,0.3,7.2,70.0,3.0,18.7
Mangifera indica,Non-roost,6.8,0.3,6.8,20.0,1.3,5.9
Mangifera indica,Non-roost,7.6,0.3,5.9,50.0,3.8,13.0
Mangifera indica,Non-roost,5.2,0.3,7.3,10.0,0.6,9.9
Mangifera indica,Non-roost,7.0,0.3,7.3,10.0,0.6,5.6
Mangifera indica,Non-roost,8.0,0.3,8.3,40.0,1.5,19.4
Mangifera indica,Non-roost,5.8,0.3,7.8,20.0,0.8,8.5
Mangifera indica,Non-roost,6.2,0.3,6.6,30.0,2.4,8.4
Mangifera indica,Non-roost,6.6,0.3,12.0,100.0,20.5,20.7
Mangifera indica,Non-roost,9.4,0.3,6.6,50.0,7.0,28.1
Mangifera indica,Non-roost,6.0,0.3,7.4,40.0,4.3,52.7
Mangifera indica,Non-roost,8.1,0.3,5.0,70.0,24.5,1.1
Mangifera indica,Non-roost,6.0,0.3,6.0,20.0,1.8,11.0
Mangifera indica,Non-roost,7.8,0.3,7.0,50.0,5.0,11.0
Mangifera indica,Non-roost,8.4,0.3,10.0,120.0,15.0,32.2
Mangifera indica,Non-roost,5.8,0.3,8.5,10.0,0.7,14.6
Mangifera indica,Non-roost,4.8,0.3,3.8,40.0,5.9,8.2
Mangifera indica,Non-roost,5.6,0.3,7.8,10.0,0.7,5.3
Mangifera indica,Non-roost,6.0,0.3,9.4,10.0,0.7,5.2
Mangifera indica,Non-roost,7.2,0.3,9.4,20.0,1.4,14.3
Mangifera indica,Non-roost,6.2,0.3,7.2,20.0,2.1,12.7
Mangifera indica,Non-roost,8.2,0.3,8.9,10.0,0.8,13.0
Mangifera indica,Non-roost,6.6,0.3,8.5,30.0,2.3,34.1
Mangifera indica,Non-roost,6.8,0.3,4.8,60.0,11.9,7.8
Mangifera indica,Non-roost,6.8,0.3,6.4,40.0,7.4,6.3
Mangifera indica,Non-roost,7.0,0.3,4.6,30.0,1.9,12.1
Mangifera indica,Non-roost,7.2,0.3,9.0,40.0,3.2,2.6
Mangifera indica,Non-roost,7.4,0.3,10.0,50.0,4.7,28.9
Mangifera indica,Non-roost,6.4,0.3,9.0,90.0,16.6,41.0
Mangifera indica,Non-roost,5.2,0.3,5.3,30.0,1.1,15.0
Mangifera indica,Non-roost,7.0,0.3,10.2,30.0,2.3,9.9
Mangifera indica,Non-roost,5.2,0.3,8.0,80.0,14.6,19.3
Mangifera indica,Non-roost,6.4,0.3,8.2,20.0,2.7,12.9
Mangifera indica,Non-roost,9.0,0.3,8.8,120.0,19.4,45.2
Mangifera indica,Non-roost,5.8,0.4,4.6,30.0,2.8,2.4
Mangifera indica,Non-roost,6.8,0.4,9.0,70.0,13.0,44.5
Mangifera indica,Non-roost,7.2,0.4,10.6,60.0,12.7,26.3
Mangifera indica,Non-roost,7.8,0.4,9.2,50.0,7.5,26.2
Mangifera indica,Non-roost,7.2,0.4,8.2,10.0,1.0,8.7
Mangifera indica,Non-roost,4.6,0.4,8.8,50.0,3.4,13.8
Mangifera indica,Non-roost,7.2,0.4,8.2,20.0,1.3,17.5
Mangifera indica,Non-roost,6.2,0.4,6.2,40.0,11.1,35.8
Mangifera indica,Non-roost,7.2,0.4,10.0,50.0,3.0,37.5
Mangifera indica,Non-roost,9.4,0.4,9.6,60.0,9.8,8.7
Mangifera indica,Non-roost,10.2,0.4,8.8,100.0,13.3,7.2
Mangifera indica,Non-roost,4.4,0.4,6.7,10.0,1.1,11.2
Mangifera indica,Non-roost,7.6,0.4,6.6,110.0,17.6,1.7
Mangifera indica,Non-roost,6.4,0.4,7.6,30.0,4.5,16.5
Mangifera indica,Non-roost,7.2,0.4,7.4,20.0,1.8,10.6
Mangifera indica,Non-roost,8.2,0.4,9.4,10.0,1.2,17.7
Mangifera indica,Non-roost,7.8,0.4,9.2,70.0,17.2,35.1
Mangifera indica,Non-roost,7.8,0.4,8.3,20.0,2.6,2.1
Mangifera indica,Non-roost,7.0,0.4,8.0,20.0,2.6,11.4
Mangifera indica,Non-roost,7.5,0.4,9.0,90.0,43.6,10.4
Mangifera indica,Non-roost,7.8,0.4,8.9,90.0,10.1,26.8
Mangifera indica,Non-roost,4.6,0.4,12.0,40.0,17.1,10.6
Mangifera indica,Non-roost,6.0,0.4,7.5,20.0,5.2,12.3
Mangifera indica,Non-roost,7.2,0.4,8.0,40.0,5.7,23.8
Mangifera indica,Non-roost,7.6,0.4,11.8,100.0,16.1,15.0
Mangifera indica,Non-roost,7.8,0.4,13.6,70.0,12.8,23.1
Mangifera indica,Non-roost,8.0,0.4,11.2,20.0,2.6,6.5
Mangifera indica,Non-roost,10.4,0.4,8.2,60.0,12.7,22.8
Mangifera indica,Non-roost,6.8,0.4,9.0,120.0,21.1,39.2
Mangifera indica,Non-roost,5.6,0.4,5.4,30.0,6.0,5.3
Mangifera indica,Non-roost,8.2,0.4,10.6,100.0,13.1,32.7
Mangifera indica,Non-roost,7.4,0.4,12.0,30.0,2.4,7.9
Mangifera indica,Non-roost,8.0,0.4,11.0,110.0,6.0,3.2
Mangifera indica,Non-roost,8.4,0.4,10.7,30.0,6.5,65.2
Mangifera indica,Non-roost,7.6,0.4,8.0,90.0,4.6,11.8
Mangifera indica,Non-roost,8.8,0.4,6.9,110.0,15.5,10.0
Mangifera indica,Non-roost,5.6,0.5,8.0,20.0,3.2,13.2
Mangifera indica,Non-roost,6.4,0.5,8.6,30.0,10.1,6.7
Mangifera indica,Non-roost,7.2,0.5,8.6,30.0,2.6,22.2
Mangifera indica,Non-roost,7.4,0.5,10.0,40.0,5.2,17.0
Mangifera indica,Non-roost,8.4,0.5,11.0,30.0,3.9,15.9
Mangifera indica,Non-roost,8.0,0.5,7.0,40.0,3.8,11.5
Mangifera indica,Non-roost,6.8,0.5,8.6,40.0,9.9,17.2
Mangifera indica,Non-roost,7.8,0.5,10.2,120.0,20.5,45.2
Mangifera indica,Non-roost,7.8,0.5,12.0,50.0,8.9,26.9
Mangifera indica,Non-roost,8.2,0.5,11.0,60.0,11.8,47.6
Mangifera indica,Non-roost,6.0,0.5,7.0,90.0,14.6,16.5
Mangifera indica,Non-roost,8.2,0.5,12.0,20.0,3.3,62.2
Mangifera indica,Non-roost,10.4,0.5,12.4,30.0,11.4,20.8
Mangifera indica,Non-roost,8.8,0.5,14.0,150.0,27.7,27.0
Mangifera indica,Non-roost,7.4,0.5,10.6,20.0,2.1,8.6
Mangifera indica,Non-roost,4.3,0.5,10.9,20.0,2.4,12.6
Mangifera indica,Non-roost,8.0,0.5,14.0,120.0,21.9,22.8
Mangifera indica,Non-roost,10.0,0.5,10.0,20.0,2.2,12.7
Mangifera indica,Non-roost,10.4,0.5,13.0,30.0,8.7,13.6
Mangifera indica,Non-roost,8.8,0.5,17.0,90.0,14.7,14.3
Mangifera indica,Non-roost,8.4,0.5,8.5,20.0,3.2,13.9
Mangifera indica,Non-roost,8.8,0.5,11.0,20.0,4.2,7.0
Mangifera indica,Non-roost,5.6,0.5,5.2,20.0,4.5,13.3
Mangifera indica,Non-roost,7.8,0.5,8.4,20.0,4.5,13.5
Mangifera indica,Non-roost,8.8,0.5,13.6,100.0,16.8,38.5
Mangifera indica,Non-roost,9.6,0.5,8.9,90.0,15.2,7.5
Mangifera indica,Non-roost,9.4,0.6,16.8,110.0,19.9,35.0
Mangifera indica,Non-roost,7.6,0.6,9.6,50.0,10.2,28.0
Mangifera indica,Non-roost,7.0,0.6,10.0,130.0,22.7,23.7
Mangifera indica,Non-roost,8.2,0.6,14.0,30.0,6.1,25.1
Mangifera indica,Non-roost,10.2,0.6,11.2,40.0,4.5,9.9
Mangifera indica,Non-roost,8.4,0.6,10.6,70.0,14.1,33.0
Mangifera indica,Non-roost,7.8,0.6,12.0,90.0,29.2,7.7
Mangifera indica,Non-roost,8.4,0.6,8.0,80.0,10.5,16.6
Mangifera indica,Non-roost,11.2,0.6,8.0,30.0,9.8,16.8
Mangifera indica,Non-roost,7.8,0.6,13.0,80.0,16.6,33.5
Mangifera indica,Non-roost,7.8,0.6,11.7,10.0,3.1,2.2
Mangifera indica,Non-roost,6.8,0.6,12.0,20.0,4.6,68.2
Mangifera indica,Non-roost,7.6,0.6,10.0,70.0,12.7,37.9
Mangifera indica,Non-roost,9.8,0.6,10.0,30.0,9.8,12.7
Mangifera indica,Non-roost,9.4,0.7,7.6,30.0,7.2,12.5
Mangifera indica,Non-roost,9.8,0.7,18.0,50.0,6.4,34.2
Mangifera indica,Non-roost,11.0,0.7,9.4,30.0,9.8,19.3
Mangifera indica,Non-roost,8.6,0.7,12.4,90.0,39.1,8.8
Mangifera indica,Non-roost,6.0,0.7,8.0,50.0,4.9,19.5
Mangifera indica,Non-roost,8.2,0.7,14.0,20.0,10.5,16.5
Mangifera indica,Non-roost,6.8,0.8,13.2,10.0,5.0,19.1
Mangifera indica,Non-roost,10.4,0.9,17.4,30.0,8.7,8.3
Mangifera indica,Non-roost,9.0,0.9,10.2,30.0,12.5,9.0
Mangifera indica,Non-roost,11.6,1.0,18.1,10.0,8.1,64.5
Milicia spp,Roost,10.4,0.4,8.4,30.0,4.2,14.0
Milicia spp,Non-roost,7.8,0.2,9.0,60.0,5.5,19.0
Milicia spp,Non-roost,11.8,0.2,17.0,20.0,3.2,30.1
Milicia spp,Non-roost,7.0,0.4,14.1,100.0,8.5,14.3
Milicia spp,Non-roost,9.8,0.4,7.6,20.0,9.2,26.8
Millettia thonningii,Roost,9.0,0.3,9.0,70.0,9.7,12.3
Millettia thonningii,Roost,7.8,0.5,12.6,30.0,3.3,2.3
Millettia thonningii,Non-roost,5.2,0.2,10.2,10.0,0.2,15.9
Millettia thonningii,Non-roost,6.4,0.3,7.3,20.0,0.8,12.4
Millettia thonningii,Non-roost,7.2,0.4,9.0,100.0,11.3,18.0
Morinda lucida,Roost,14.4,0.6,10.0,60.0,11.6,9.7
Morinda lucida,Non-roost,9.0,0.2,2.0,10.0,0.4,5.0
Morinda lucida,Non-roost,10.4,0.3,4.0,30.0,6.8,48.0
Morinda lucida,Non-roost,7.2,0.4,12.0,50.0,3.1,9.6
Morinda lucida,Non-roost,12.4,0.5,9.6,20.0,8.6,11.7
Moringa oleifera,Non-roost,8.4,0.2,2.0,10.0,0.2,6.7
Moringa oleifera,Non-roost,8.8,0.2,8.5,60.0,2.6,29.2
Moringa oleifera,Non-roost,7.4,0.3,5.4,100.0,9.6,9.1
Moringa oleifera,Non-roost,6.2,0.3,5.0,50.0,7.8,18.1
Newbouldia laevis,Roost,7.0,0.1,4.0,80.0,1.7,1.1
Newbouldia laevis,Roost,7.0,0.2,2.9,80.0,1.7,1.6
Newbouldia laevis,Roost,6.4,0.2,3.8,80.0,1.7,2.3
Newbouldia laevis,Roost,6.6,0.2,2.8,80.0,1.7,2.6
Newbouldia laevis,Roost,10.0,0.2,3.4,30.0,1.4,23.6
Newbouldia laevis,Roost,10.8,0.3,7.9,50.0,2.8,12.5
Newbouldia laevis,Roost,9.0,0.4,3.4,40.0,1.7,7.5
Newbouldia laevis,Non-roost,5.0,0.1,1.1,20.0,0.2,13.2
Newbouldia laevis,Non-roost,6.0,0.1,1.6,30.0,1.7,6.1
Newbouldia laevis,Non-roost,4.4,0.1,1.2,110.0,30.5,34.5
Newbouldia laevis,Non-roost,6.0,0.1,1.0,40.0,1.7,9.0
Newbouldia laevis,Non-roost,7.0,0.1,1.3,90.0,1.9,11.3
Newbouldia laevis,Non-roost,7.2,0.1,2.0,90.0,1.9,10.7
Newbouldia laevis,Non-roost,5.8,0.1,0.8,80.0,10.9,19.4
Newbouldia laevis,Non-roost,5.6,0.2,3.0,60.0,3.9,15.3
Newbouldia laevis,Non-roost,4.2,0.2,1.6,20.0,0.7,14.4
Newbouldia laevis,Non-roost,5.0,0.2,3.0,50.0,1.7,18.2
Newbouldia laevis,Non-roost,6.8,0.2,0.8,90.0,12.0,20.5
Newbouldia laevis,Non-roost,7.0,0.2,1.8,70.0,10.4,1.7
Newbouldia laevis,Non-roost,5.2,0.2,2.4,40.0,1.0,6.1
Newbouldia laevis,Non-roost,7.8,0.2,4.0,40.0,3.5,23.4
Newbouldia laevis,Non-roost,6.0,0.2,2.1,50.0,2.0,28.7
Newbouldia laevis,Non-roost,6.2,0.2,1.0,40.0,1.7,9.5
Newbouldia laevis,Non-roost,6.2,0.2,2.7,120.0,16.7,22.9
Newbouldia laevis,Non-roost,7.0,0.2,2.4,80.0,1.7,2.5
Newbouldia laevis,Non-roost,6.0,0.2,8.4,90.0,8.8,11.6
Newbouldia laevis,Non-roost,7.0,0.2,3.8,80.0,12.6,7.4
Newbouldia laevis,Non-roost,7.8,0.2,4.0,90.0,12.0,22.3
Newbouldia laevis,Non-roost,8.4,0.2,2.5,30.0,2.2,30.5
Newbouldia laevis,Non-roost,7.0,0.2,0.4,30.0,3.6,6.1
Newbouldia laevis,Non-roost,5.4,0.2,0.7,40.0,1.7,10.0
Newbouldia laevis,Non-roost,5.2,0.2,1.0,40.0,1.4,7.5
Newbouldia laevis,Non-roost,8.8,0.2,5.4,30.0,5.3,18.3
Newbouldia laevis,Non-roost,6.2,0.2,1.2,140.0,12.1,2.4
Newbouldia laevis,Non-roost,6.6,0.2,3.8,70.0,3.9,12.4
Newbouldia laevis,Non-roost,5.8,0.3,0.9,40.0,1.4,8.1
Newbouldia laevis,Non-roost,7.2,0.3,2.5,90.0,1.9,12.6
Newbouldia laevis,Non-roost,8.0,0.3,2.4,80.0,10.9,18.2
Newbouldia laevis,Non-roost,7.2,0.3,3.9,80.0,4.6,15.2
Newbouldia laevis,Non-roost,8.8,0.3,2.2,50.0,2.7,10.2
Unidentified sp 10,Non-roost,4.6,0.3,5.4,50.0,5.9,31.0
Parkia biglobosa,Non-roost,12.2,0.7,14.0,60.0,12.9,32.2
Peltophorum pterocarpum,Non-roost,6.2,0.2,8.0,50.0,5.7,27.6
Peltophorum pterocarpum,Non-roost,5.4,0.2,7.0,30.0,4.7,20.7
Persia americana,Non-roost,8.6,0.3,6.0,40.0,8.1,7.0
Persia americana,Non-roost,10.6,0.4,9.8,30.0,5.2,6.6
Persia americana,Non-roost,6.8,0.4,9.4,10.0,1.2,16.1
Persia americana,Non-roost,8.6,0.5,13.9,50.0,3.8,15.8
Persia americana,Non-roost,7.8,0.6,8.4,10.0,2.6,23.3
Pithecellobium dulce,Non-roost,11.0,0.3,9.3,80.0,9.8,10.3
Pithecellobium dulce,Non-roost,8.8,0.3,6.0,70.0,7.9,9.8
Pithecellobium dulce,Non-roost,8.4,0.3,12.0,90.0,11.3,22.2
Pithecellobium dulce,Non-roost,8.4,0.6,15.2,170.0,34.7,38.2
Pithecellobium dulce,Non-roost,8.0,1.0,9.2,140.0,30.7,34.8
Plumeria rubria,Non-roost,6.2,0.4,8.8,10.0,1.1,16.7
Polyalthia longifolia,Roost,15.0,0.2,2.4,30.0,1.9,5.3
Polyalthia longifolia,Roost,15.2,0.2,2.6,100.0,11.3,19.0
Polyalthia longifolia,Roost,12.2,0.3,4.4,40.0,1.7,17.0
Polyalthia longifolia,Roost,13.5,0.3,1.6,80.0,7.4,30.8
Polyalthia longifolia,Roost,12.3,0.3,3.0,30.0,3.3,7.4
Polyalthia longifolia,Roost,11.0,0.3,10.4,10.0,0.7,2.7
Polyalthia longifolia,Roost,15.0,0.4,5.2,40.0,2.9,7.2
Polyalthia longifolia,Roost,16.4,0.5,7.0,20.0,7.2,2.6
Polyalthia longifolia,Roost,14.2,0.5,8.6,20.0,2.7,9.0
Polyalthia longifolia,Non-roost,6.8,0.1,5.0,80.0,14.4,34.6
Polyalthia longifolia,Non-roost,8.6,0.2,2.0,70.0,3.1,20.6
Polyalthia longifolia,Non-roost,11.0,0.3,5.3,20.0,1.1,0.9
Polyalthia longifolia,Non-roost,8.8,0.3,2.3,70.0,10.4,9.5
Polyalthia longifolia,Non-roost,14.2,0.3,3.4,20.0,1.0,8.9
Polyalthia longifolia,Non-roost,6.8,0.3,1.8,60.0,7.2,7.7
Polyalthia longifolia,Non-roost,9.0,0.4,3.8,60.0,7.2,5.7
Polyalthia longifolia,Non-roost,13.4,0.4,3.2,50.0,7.8,10.9
Polyalthia longifolia,Non-roost,16.0,0.5,7.5,50.0,7.8,13.0
Polyalthia longifolia,Non-roost,16.6,0.5,6.7,60.0,9.3,8.4
Psidium guajava,Non-roost,4.4,0.1,5.0,120.0,10.4,2.3
Psidium guajava,Non-roost,4.2,0.1,3.6,40.0,2.8,14.8
Psidium guajava,Non-roost,6.2,0.1,5.1,20.0,2.1,5.1
Psidium guajava,Non-roost,4.2,0.1,5.9,30.0,2.4,25.3
Psidium guajava,Non-roost,4.2,0.1,5.4,30.0,2.4,21.7
Psidium guajava,Non-roost,4.4,0.2,7.0,20.0,0.8,7.0
Psidium guajava,Non-roost,6.0,0.2,8.6,70.0,5.4,26.3
Psidium guajava,Non-roost,6.2,0.2,4.3,20.0,1.4,19.2
Psidium guajava,Non-roost,5.8,0.3,4.7,30.0,1.5,2.4
Psidium guajava,Non-roost,5.6,0.3,4.4,20.0,1.1,26.1
Psidium guajava,Non-roost,4.6,0.3,5.2,60.0,3.0,37.4
Roystonea regia,Non-roost,6.0,0.3,3.2,20.0,4.0,31.2
Roystonea regia,Non-roost,10.0,0.6,5.4,20.0,4.0,30.3
Samanea saman,Non-roost,9.4,0.5,18.0,90.0,15.4,33.3
Unidentified sp12,Roost,7.2,0.2,6.3,40.0,3.2,4.5
Unidentified sp12,Roost,8.6,0.4,8.4,10.0,1.1,3.6
Unidentified sp12,Roost,11.2,0.5,6.6,20.0,9.2,0.8
Unidentified sp12,Non-roost,7.6,0.2,4.7,80.0,4.2,8.0
Unidentified sp12,Non-roost,6.2,0.2,5.0,30.0,1.7,10.4
Unidentified sp12,Non-roost,9.2,0.3,4.9,50.0,3.6,17.3
Unidentified sp12,Non-roost,8.0,0.4,5.7,60.0,4.0,16.5
Senna siamea,Roost,10.6,0.1,5.0,90.0,8.3,31.3
Senna siamea,Roost,9.6,0.2,14.6,20.0,0.5,8.0
Senna siamea,Roost,11.9,0.3,7.8,100.0,10.7,16.9
Senna siamea,Roost,14.2,0.3,8.0,50.0,6.9,25.9
Senna siamea,Roost,9.8,0.4,10.6,90.0,20.8,12.7
Senna siamea,Roost,12.4,0.4,11.0,60.0,8.2,35.1
Senna siamea,Roost,15.2,0.4,8.8,90.0,15.4,28.8
Senna siamea,Roost,10.2,0.4,16.0,60.0,6.9,32.9
Senna siamea,Roost,14.6,0.4,8.0,90.0,9.1,20.7
Senna siamea,Roost,12.4,0.5,13.0,80.0,16.8,4.9
Senna siamea,Roost,16.2,0.6,15.0,100.0,30.1,8.6
Senna siamea,Roost,16.1,0.6,10.8,60.0,15.5,10.7
Senna siamea,Roost,9.6,0.8,11.0,50.0,9.8,18.7
Senna siamea,Roost,14.2,0.9,12.6,70.0,16.4,11.2
Senna siamea,Non-roost,9.6,0.1,5.4,210.0,15.4,41.3
Senna siamea,Non-roost,7.8,0.1,6.5,90.0,6.8,6.8
Senna siamea,Non-roost,6.0,0.2,5.8,180.0,35.8,42.4
Senna siamea,Non-roost,6.8,0.2,7.6,70.0,12.0,29.5
Senna siamea,Non-roost,5.2,0.2,6.6,70.0,12.0,27.2
Senna siamea,Non-roost,6.8,0.2,6.3,70.0,12.0,30.6
Senna siamea,Non-roost,8.4,0.2,6.0,50.0,5.0,33.4
Senna siamea,Non-roost,9.8,0.2,8.4,60.0,7.6,41.7
Senna siamea,Non-roost,10.4,0.2,8.1,190.0,13.9,43.0
Senna siamea,Non-roost,10.4,0.2,6.6,190.0,12.7,44.8
Senna siamea,Non-roost,10.4,0.2,5.4,230.0,18.3,47.3
Senna siamea,Non-roost,13.2,0.2,7.0,190.0,37.2,42.1
Senna siamea,Non-roost,8.8,0.2,6.0,190.0,14.2,41.5
Senna siamea,Non-roost,13.2,0.2,11.0,210.0,15.0,47.6
Senna siamea,Non-roost,10.4,0.2,7.6,200.0,14.4,43.5
Senna siamea,Non-roost,11.0,0.2,7.3,70.0,9.1,14.3
Senna siamea,Non-roost,7.2,0.2,6.1,110.0,5.9,13.5
Senna siamea,Non-roost,12.0,0.2,13.2,70.0,6.1,12.0
Senna siamea,Non-roost,12.2,0.2,8.8,220.0,15.5,47.1
Senna siamea,Non-roost,12.6,0.2,9.4,160.0,22.9,33.2
Senna siamea,Non-roost,9.0,0.2,7.0,210.0,18.3,39.4
Senna siamea,Non-roost,11.4,0.2,5.0,130.0,12.9,33.1
Senna siamea,Non-roost,7.8,0.3,7.2,20.0,0.6,22.4
Senna siamea,Non-roost,13.2,0.3,10.2,180.0,14.0,38.5
Senna siamea,Non-roost,10.8,0.3,8.6,110.0,11.6,49.2
Senna siamea,Non-roost,13.0,0.3,8.5,50.0,9.3,29.3
Senna siamea,Non-roost,9.0,0.3,7.4,50.0,6.4,21.7
Senna siamea,Non-roost,9.0,0.3,5.7,160.0,11.4,42.2
Senna siamea,Non-roost,9.2,0.3,7.4,260.0,21.1,48.6
Senna siamea,Non-roost,9.2,0.3,8.1,120.0,8.8,6.7
Senna siamea,Non-roost,13.4,0.3,6.0,110.0,17.8,27.8
Senna siamea,Non-roost,14.6,0.3,8.8,230.0,16.2,50.6
Senna siamea,Non-roost,10.6,0.3,10.0,180.0,11.7,38.9
Senna siamea,Non-roost,8.2,0.3,6.2,60.0,8.3,23.9
Senna siamea,Non-roost,12.0,0.3,10.8,150.0,13.7,52.2
Senna siamea,Non-roost,11.8,0.3,9.0,170.0,29.8,45.3
Senna siamea,Non-roost,7.8,0.3,4.0,50.0,5.8,29.5
Senna siamea,Non-roost,15.4,0.3,10.4,190.0,36.1,31.6
Senna siamea,Non-roost,15.4,0.3,8.8,120.0,22.3,27.4
Senna siamea,Non-roost,13.6,0.3,20.4,180.0,35.8,42.5
Senna siamea,Non-roost,12.8,0.3,10.8,210.0,40.6,37.1
Senna siamea,Non-roost,12.0,0.3,11.6,220.0,18.7,42.9
Senna siamea,Non-roost,12.0,0.4,6.7,80.0,18.7,6.4
Senna siamea,Non-roost,12.4,0.4,12.2,110.0,9.4,19.0
Senna siamea,Non-roost,5.8,0.4,2.0,50.0,3.1,9.6
Senna siamea,Non-roost,12.8,0.4,8.7,50.0,5.8,33.2
Senna siamea,Non-roost,10.2,0.4,9.0,90.0,7.8,20.6
Senna siamea,Non-roost,15.8,0.4,15.8,140.0,14.1,29.0
Senna siamea,Non-roost,9.4,0.4,8.8,100.0,8.2,28.3
Senna siamea,Non-roost,9.8,0.4,8.2,70.0,7.9,27.2
Senna siamea,Non-roost,11.6,0.4,16.2,90.0,17.5,26.0
Senna siamea,Non-roost,7.8,0.4,10.9,80.0,6.2,7.9
Senna siamea,Non-roost,13.2,0.4,11.8,50.0,5.8,26.4
Senna siamea,Non-roost,17.0,0.4,13.8,210.0,38.9,34.9
Senna siamea,Non-roost,14.4,0.4,9.5,90.0,17.2,28.9
Senna siamea,Non-roost,9.0,0.4,6.0,50.0,5.0,29.7
Senna siamea,Non-roost,12.0,0.4,5.4,110.0,17.4,26.9
Senna siamea,Non-roost,8.2,0.4,7.6,90.0,9.7,17.8
Senna siamea,Non-roost,7.2,0.5,5.0,50.0,5.8,23.7
Senna siamea,Non-roost,9.6,0.5,11.2,140.0,11.9,49.5
Senna siamea,Non-roost,12.6,0.5,12.0,170.0,34.5,42.2
Senna siamea,Non-roost,12.4,0.5,4.8,30.0,2.8,34.2
Senna siamea,Non-roost,12.5,0.5,7.2,120.0,20.2,29.6
Senna siamea,Non-roost,11.8,0.5,12.0,80.0,11.3,21.1
Senna siamea,Non-roost,11.8,0.5,15.0,250.0,20.6,48.1
Senna siamea,Non-roost,9.2,0.5,6.0,80.0,12.1,16.6
Senna siamea,Non-roost,9.2,0.5,4.4,130.0,29.3,40.3
Senna siamea,Non-roost,9.8,0.6,10.7,10.0,2.4,31.1
Senna siamea,Non-roost,10.0,0.6,7.2,70.0,9.5,19.3
Senna siamea,Non-roost,12.8,0.6,11.6,20.0,4.4,28.4
Senna siamea,Non-roost,10.2,0.6,14.0,80.0,13.0,30.1
Senna siamea,Non-roost,7.6,0.6,6.8,60.0,6.7,28.1
Senna siamea,Non-roost,16.2,0.7,8.6,80.0,18.7,8.3
Senna siamea,Non-roost,13.3,0.7,11.6,110.0,21.0,27.0
Senna siamea,Non-roost,11.8,0.8,6.4,60.0,13.5,23.9
Unidentified sp 15,Non-roost,5.4,0.2,8.5,30.0,3.6,15.6
Unidentified sp 16,Non-roost,9.4,0.8,18.6,60.0,22.1,39.5
Unidentified sp 17,Non-roost,12.0,0.5,11.3,80.0,10.4,4.7
Unidentified sp 18,Non-roost,7.0,0.3,7.8,60.0,6.8,15.4
Spathodea campanulata,Roost,9.2,0.7,11.5,10.0,3.9,23.0
Spathodea campanulata,Roost,14.6,0.8,12.8,30.0,14.9,15.0
Spathodea campanulata,Roost,17.8,1.0,12.4,10.0,7.2,22.6
Spathodea campanulata,Roost,16.6,1.0,13.6,80.0,28.8,8.8
Spathodea campanulata,Non-roost,7.2,0.3,5.6,50.0,9.6,30.1
Spathodea campanulata,Non-roost,8.0,0.3,7.4,40.0,4.4,17.8
Spathodea campanulata,Non-roost,14.8,0.5,12.4,70.0,25.6,11.5
Spondias mombin,Roost,11.2,0.3,12.3,10.0,0.7,9.9
Spondias mombin,Roost,7.6,0.5,7.5,40.0,11.3,10.6
Spondias mombin,Non-roost,5.8,0.1,3.8,80.0,4.9,5.5
Spondias mombin,Non-roost,9.2,0.2,5.8,110.0,5.9,10.0
Spondias mombin,Non-roost,4.6,0.2,4.7,70.0,4.9,12.6
Spondias mombin,Non-roost,5.0,0.2,3.2,40.0,3.8,11.6
Spondias mombin,Non-roost,6.8,0.2,3.4,50.0,1.6,9.1
Spondias mombin,Non-roost,5.6,0.2,3.4,100.0,6.0,13.5
Spondias mombin,Non-roost,8.6,0.2,4.8,80.0,5.3,49.9
Spondias mombin,Non-roost,8.4,0.2,5.4,10.0,0.4,4.7
Spondias mombin,Non-roost,7.0,0.2,6.6,60.0,16.1,4.4
Spondias mombin,Non-roost,8.4,0.3,6.5,60.0,7.6,7.4
Spondias mombin,Non-roost,8.6,0.3,8.2,60.0,7.6,31.1
Spondias mombin,Non-roost,10.4,0.3,12.0,40.0,3.4,29.1
Spondias mombin,Non-roost,7.6,0.3,5.0,30.0,1.2,3.0
Spondias mombin,Non-roost,10.2,0.3,6.4,60.0,7.2,26.2
Spondias mombin,Non-roost,7.6,0.3,9.0,50.0,3.5,5.8
Spondias mombin,Non-roost,5.6,0.3,4.8,50.0,7.6,10.1
Spondias mombin,Non-roost,7.0,0.3,7.6,80.0,5.3,17.6
Spondias mombin,Non-roost,7.4,0.3,7.5,30.0,4.2,18.4
Spondias mombin,Non-roost,8.6,0.3,7.2,110.0,21.3,13.3
Spondias mombin,Non-roost,9.2,0.3,6.1,40.0,2.6,16.3
Spondias mombin,Non-roost,10.0,0.3,6.2,110.0,5.7,6.3
Spondias mombin,Non-roost,7.0,0.3,10.9,50.0,5.6,20.6
Spondias mombin,Non-roost,6.8,0.3,7.1,50.0,2.9,6.5
Spondias mombin,Non-roost,9.4,0.3,8.0,90.0,8.8,12.0
Spondias mombin,Non-roost,11.0,0.3,6.4,70.0,4.9,15.3
Spondias mombin,Non-roost,12.8,0.3,9.0,50.0,8.9,15.2
Spondias mombin,Non-roost,8.6,0.3,4.0,60.0,25.1,19.4
Spondias mombin,Non-roost,4.4,0.3,2.1,20.0,2.7,22.8
Spondias mombin,Non-roost,6.6,0.3,14.0,30.0,7.6,12.9
Spondias mombin,Non-roost,5.0,0.3,4.0,100.0,5.2,14.2
Spondias mombin,Non-roost,13.4,0.4,7.1,80.0,5.3,17.5
Spondias mombin,Non-roost,5.0,0.4,3.0,40.0,3.2,17.9
Spondias mombin,Non-roost,11.1,0.4,5.0,20.0,2.0,20.8
Spondias mombin,Non-roost,8.6,0.4,10.4,60.0,5.7,9.8
Spondias mombin,Non-roost,12.0,0.6,19.2,70.0,7.6,9.4
Sterculia rhinopetala,Roost,8.2,0.2,5.0,100.0,17.7,26.5
Sterculia rhinopetala,Roost,8.5,0.3,4.4,10.0,0.7,7.0
Sterculia rhinopetala,Non-roost,9.4,0.2,5.7,100.0,19.6,13.2
Sterculia rhinopetala,Non-roost,14.4,1.1,13.0,10.0,8.7,31.5
Syzygium sp.,Roost,10.8,0.5,9.6,80.0,9.5,19.9
Syzygium sp.,Non-roost,10.0,0.5,8.8,70.0,7.4,28.2
Tamarindus indica,Roost,9.8,0.7,13.1,10.0,3.7,4.9
Tectona grandis,Roost,13.4,0.4,10.0,40.0,2.4,25.2
Tectona grandis,Roost,11.2,0.5,8.0,60.0,9.1,14.0
Tectona grandis,Roost,12.1,0.6,10.0,20.0,3.2,32.5
Tectona grandis,Roost,11.8,0.8,13.6,30.0,5.0,2.4
Tectona grandis,Non-roost,9.0,0.1,4.8,50.0,6.4,41.9
Tectona grandis,Non-roost,9.0,0.1,3.9,40.0,3.8,43.5
Tectona grandis,Non-roost,8.6,0.1,3.8,70.0,15.0,37.7
Tectona grandis,Non-roost,7.6,0.1,2.6,100.0,9.7,22.5
Tectona grandis,Non-roost,9.0,0.2,6.6,40.0,3.8,44.2
Tectona grandis,Non-roost,10.2,0.2,6.0,190.0,38.3,35.3
Tectona grandis,Non-roost,8.4,0.2,7.0,30.0,5.1,37.0
Tectona grandis,Non-roost,10.2,0.2,4.7,10.0,0.3,24.8
Tectona grandis,Non-roost,11.0,0.2,5.2,60.0,7.6,42.8
Tectona grandis,Non-roost,5.0,0.2,4.4,50.0,4.2,18.7
Tectona grandis,Non-roost,12.4,0.2,5.8,30.0,2.8,34.3
Tectona grandis,Non-roost,10.2,0.2,4.0,170.0,35.8,34.4
Tectona grandis,Non-roost,11.8,0.2,6.9,60.0,7.6,40.2
Tectona grandis,Non-roost,11.8,0.2,7.2,60.0,7.6,39.5
Tectona grandis,Non-roost,9.2,0.3,10.0,50.0,5.0,32.6
Tectona grandis,Non-roost,10.2,0.3,4.5,70.0,6.6,35.9
Tectona grandis,Non-roost,10.2,0.3,4.8,30.0,2.9,21.8
Tectona grandis,Non-roost,13.4,0.3,6.9,70.0,6.7,27.8
Tectona grandis,Non-roost,8.8,0.3,9.3,70.0,7.2,32.9
Tectona grandis,Non-roost,9.8,0.3,8.4,120.0,10.4,23.6
Tectona grandis,Non-roost,13.4,0.3,6.8,90.0,8.1,28.7
Tectona grandis,Non-roost,12.0,0.3,5.7,100.0,9.1,30.2
Tectona grandis,Non-roost,10.8,0.3,9.0,130.0,15.1,28.6
Tectona grandis,Non-roost,12.4,0.3,5.8,60.0,5.4,40.1
Tectona grandis,Non-roost,9.4,0.4,4.6,20.0,2.8,21.7
Tectona grandis,Non-roost,7.4,0.4,6.0,40.0,13.7,21.3
Tectona grandis,Non-roost,8.9,0.4,4.4,40.0,6.9,37.7
Tectona grandis,Non-roost,9.6,0.4,13.6,70.0,7.3,36.4
Tectona grandis,Non-roost,10.6,0.4,7.0,100.0,11.8,17.8
Tectona grandis,Non-roost,10.4,0.4,8.5,130.0,10.3,19.4
Tectona grandis,Non-roost,11.8,0.4,11.0,50.0,3.3,25.0
Tectona grandis,Non-roost,11.8,0.4,11.8,50.0,3.3,23.0
Tectona grandis,Non-roost,10.2,0.4,8.0,160.0,35.8,33.7
Tectona grandis,Non-roost,14.6,0.5,8.0,20.0,7.0,40.9
Tectona grandis,Non-roost,9.0,0.5,7.3,80.0,6.9,34.1
Tectona grandis,Non-roost,7.0,0.5,3.4,40.0,7.6,21.0
Tectona grandis,Non-roost,8.4,0.5,11.6,100.0,10.4,33.5
Tectona grandis,Non-roost,7.4,0.7,4.6,20.0,3.8,28.8
Tectona grandis,Non-roost,9.2,0.7,8.0,40.0,6.9,34.1
Tectona grandis,Non-roost,10.6,0.7,12.0,50.0,4.9,24.9
Tectona grandis,Non-roost,9.2,0.7,6.0,10.0,4.0,42.6
Tectona grandis,Non-roost,9.6,0.8,6.6,20.0,7.0,30.8
Terminalia catappa,Non-roost,6.8,0.3,6.7,30.0,1.5,13.7
Theobroma cacao,Non-roost,5.2,0.3,10.0,50.0,8.1,9.3
Unidentified sp 13,Roost,10.4,0.3,12.0,30.0,1.6,20.6
Unidentified sp 3,Non-roost,5.4,0.2,4.4,60.0,5.4,7.7
Unidentified sp 4,Non-roost,9.6,0.2,4.5,70.0,7.4,20.7
Unidentified sp 4,Non-roost,7.8,0.3,5.0,70.0,7.4,25.8
Unidentified sp 5,Non-roost,9.2,0.3,9.4,50.0,4.2,19.3
Unidentified sp 6,Non-roost,7.6,0.2,7.3,80.0,12.2,8.9
Unidentified sp 6,Non-roost,12.0,0.4,8.6,70.0,6.1,10.5
Unidentified sp 6,Non-roost,5.2,0.5,6.4,50.0,9.1,9.1
Unidentified sp 6,Non-roost,17.2,0.8,9.8,70.0,12.8,33.2
Unidentified sp 9,Non-roost,4.5,0.1,3.2,70.0,6.5,19.9
Unidentified sp 9,Non-roost,7.6,0.4,10.5,20.0,2.9,17.2
Unidentified sp 9,Non-roost,14.8,0.6,11.0,100.0,9.6,9.1
Vitellaria paradoxa,Non-roost,13.0,0.9,19.0,70.0,13.8,42.0
Vitex doniana,Roost,13.2,0.4,8.5,60.0,13.7,7.2
Vitex doniana,Roost,14.7,0.7,13.7,80.0,11.7,4.7
Vitex doniana,Non-roost,6.2,0.2,4.4,150.0,30.8,42.9
Vitex doniana,Non-roost,7.8,0.3,9.0,50.0,10.4,40.5
Vitex doniana,Non-roost,11.8,0.4,6.0,80.0,16.0,23.3
Vitex doniana,Non-roost,11.0,0.4,7.7,50.0,10.4,40.8
Vitex doniana,Non-roost,12.2,0.7,6.6,40.0,7.3,8.1
Vitex doniana,Non-roost,11.0,0.7,13.2,30.0,6.9,22.1
Unidentified sp11,Non-roost,4.6,0.1,4.2,20.0,0.6,13.0
Unidentified sp11,Non-roost,6.6,0.2,6.2,110.0,9.8,13.3
Unidentified sp11,Non-roost,4.4,0.2,4.0,80.0,6.2,4.2
